{"component":"firebase","environment":"production","level":"info","message":"Attempting to initialize Firebase Admin","operation":"firebase_admin_init","service":"highlaunchpad-api","timestamp":"2025-08-04 05:28:41:2841","version":"1.0.0"}
{"component":"firebase","environment":"production","level":"info","message":"Initializing from credentials file","operation":"firebase_admin_init","path":"/home/mike/Documents/firebase-veilnet-firebase-adminsdk-fbsvc-ab6e5cb14b.json","service":"highlaunchpad-api","source":"credentials_file","timestamp":"2025-08-04 05:28:41:2841","version":"1.0.0"}
{"component":"firebase","environment":"production","level":"info","message":"Attempting to initialize Firebase Admin","operation":"firebase_admin_init","service":"highlaunchpad-api","timestamp":"2025-08-04 05:28:41:2841","version":"1.0.0"}
{"component":"firebase","environment":"production","level":"info","message":"Attempting to initialize Firebase Admin","operation":"firebase_admin_init","service":"highlaunchpad-api","timestamp":"2025-08-04 05:28:41:2841","version":"1.0.0"}
{"component":"firebase","environment":"production","level":"info","message":"Initializing from credentials file","operation":"firebase_admin_init","path":"/home/mike/Documents/firebase-veilnet-firebase-adminsdk-fbsvc-ab6e5cb14b.json","service":"highlaunchpad-api","source":"credentials_file","timestamp":"2025-08-04 05:28:41:2841","version":"1.0.0"}
{"component":"firebase","environment":"production","level":"info","message":"Initializing from credentials file","operation":"firebase_admin_init","path":"/home/mike/Documents/firebase-veilnet-firebase-adminsdk-fbsvc-ab6e5cb14b.json","service":"highlaunchpad-api","source":"credentials_file","timestamp":"2025-08-04 05:28:41:2841","version":"1.0.0"}
{"environment":"production","level":"info","message":"Starting environment variable validation","service":"highlaunchpad-api","timestamp":"2025-08-04 05:28:41:2841","version":"1.0.0"}
{"environment":"production","level":"warn","message":"Production environment without Sentry monitoring configured","service":"highlaunchpad-api","timestamp":"2025-08-04 05:28:41:2841","version":"1.0.0"}
{"duration":4,"environment":"production","errors":["Production requires a strong JWT_SECRET (minimum 32 characters)","Production requires a strong SESSION_SECRET (minimum 32 characters)"],"level":"error","message":"Environment validation failed","service":"highlaunchpad-api","timestamp":"2025-08-04 05:28:41:2841","version":"1.0.0"}
{"duration":4,"environment":"production","error":{},"level":"error","message":"Unexpected error during environment validation","service":"highlaunchpad-api","timestamp":"2025-08-04 05:28:41:2841","version":"1.0.0"}
{"component":"firebase","environment":"production","level":"info","message":"Attempting to initialize Firebase Admin","operation":"firebase_admin_init","service":"highlaunchpad-api","timestamp":"2025-08-04 05:28:41:2841","version":"1.0.0"}
{"component":"firebase","environment":"production","level":"info","message":"Attempting to initialize Firebase Admin","operation":"firebase_admin_init","service":"highlaunchpad-api","timestamp":"2025-08-04 05:28:41:2841","version":"1.0.0"}
{"component":"firebase","environment":"production","level":"info","message":"Initializing from credentials file","operation":"firebase_admin_init","path":"/home/mike/Documents/firebase-veilnet-firebase-adminsdk-fbsvc-ab6e5cb14b.json","service":"highlaunchpad-api","source":"credentials_file","timestamp":"2025-08-04 05:28:41:2841","version":"1.0.0"}
{"environment":"production","level":"info","message":"Starting environment variable validation","service":"highlaunchpad-api","timestamp":"2025-08-04 05:28:41:2841","version":"1.0.0"}
{"environment":"production","level":"warn","message":"Production environment without Sentry monitoring configured","service":"highlaunchpad-api","timestamp":"2025-08-04 05:28:41:2841","version":"1.0.0"}
{"duration":3,"environment":"production","errors":["Production requires a strong JWT_SECRET (minimum 32 characters)","Production requires a strong SESSION_SECRET (minimum 32 characters)"],"level":"error","message":"Environment validation failed","service":"highlaunchpad-api","timestamp":"2025-08-04 05:28:41:2841","version":"1.0.0"}
{"duration":3,"environment":"production","error":{},"level":"error","message":"Unexpected error during environment validation","service":"highlaunchpad-api","timestamp":"2025-08-04 05:28:41:2841","version":"1.0.0"}
{"component":"firebase","environment":"production","level":"info","message":"Initializing from credentials file","operation":"firebase_admin_init","path":"/home/mike/Documents/firebase-veilnet-firebase-adminsdk-fbsvc-ab6e5cb14b.json","service":"highlaunchpad-api","source":"credentials_file","timestamp":"2025-08-04 05:28:41:2841","version":"1.0.0"}
{"component":"firebase","environment":"production","level":"info","message":"Attempting to initialize Firebase Admin","operation":"firebase_admin_init","service":"highlaunchpad-api","timestamp":"2025-08-04 05:28:41:2841","version":"1.0.0"}
{"component":"firebase","environment":"production","level":"info","message":"Initializing from credentials file","operation":"firebase_admin_init","path":"/home/mike/Documents/firebase-veilnet-firebase-adminsdk-fbsvc-ab6e5cb14b.json","service":"highlaunchpad-api","source":"credentials_file","timestamp":"2025-08-04 05:28:41:2841","version":"1.0.0"}
{"component":"firebase","environment":"production","level":"info","message":"Attempting to initialize Firebase Admin","operation":"firebase_admin_init","service":"highlaunchpad-api","timestamp":"2025-08-04 05:28:41:2841","version":"1.0.0"}
{"component":"firebase","environment":"production","level":"info","message":"Initializing from credentials file","operation":"firebase_admin_init","path":"/home/mike/Documents/firebase-veilnet-firebase-adminsdk-fbsvc-ab6e5cb14b.json","service":"highlaunchpad-api","source":"credentials_file","timestamp":"2025-08-04 05:28:41:2841","version":"1.0.0"}
{"component":"firebase","environment":"production","level":"info","message":"Attempting to initialize Firebase Admin","operation":"firebase_admin_init","service":"highlaunchpad-api","timestamp":"2025-08-04 05:30:20:3020","version":"1.0.0"}
{"component":"firebase","environment":"production","level":"info","message":"Attempting to initialize Firebase Admin","operation":"firebase_admin_init","service":"highlaunchpad-api","timestamp":"2025-08-04 05:30:20:3020","version":"1.0.0"}
{"component":"firebase","environment":"production","level":"info","message":"Initializing from credentials file","operation":"firebase_admin_init","path":"/home/mike/Documents/firebase-veilnet-firebase-adminsdk-fbsvc-ab6e5cb14b.json","service":"highlaunchpad-api","source":"credentials_file","timestamp":"2025-08-04 05:30:20:3020","version":"1.0.0"}
{"component":"firebase","environment":"production","level":"info","message":"Initializing from credentials file","operation":"firebase_admin_init","path":"/home/mike/Documents/firebase-veilnet-firebase-adminsdk-fbsvc-ab6e5cb14b.json","service":"highlaunchpad-api","source":"credentials_file","timestamp":"2025-08-04 05:30:20:3020","version":"1.0.0"}
{"environment":"production","level":"info","message":"Starting environment variable validation","service":"highlaunchpad-api","timestamp":"2025-08-04 05:30:20:3020","version":"1.0.0"}
{"component":"firebase","environment":"production","level":"info","message":"Attempting to initialize Firebase Admin","operation":"firebase_admin_init","service":"highlaunchpad-api","timestamp":"2025-08-04 05:30:20:3020","version":"1.0.0"}
{"component":"firebase","environment":"production","level":"info","message":"Initializing from credentials file","operation":"firebase_admin_init","path":"/home/mike/Documents/firebase-veilnet-firebase-adminsdk-fbsvc-ab6e5cb14b.json","service":"highlaunchpad-api","source":"credentials_file","timestamp":"2025-08-04 05:30:20:3020","version":"1.0.0"}
{"environment":"production","level":"warn","message":"Production environment without Sentry monitoring configured","service":"highlaunchpad-api","timestamp":"2025-08-04 05:30:20:3020","version":"1.0.0"}
{"duration":3,"environment":"production","errors":["Production requires a strong JWT_SECRET (minimum 32 characters)","Production requires a strong SESSION_SECRET (minimum 32 characters)"],"level":"error","message":"Environment validation failed","service":"highlaunchpad-api","timestamp":"2025-08-04 05:30:20:3020","version":"1.0.0"}
{"duration":4,"environment":"production","error":{},"level":"error","message":"Unexpected error during environment validation","service":"highlaunchpad-api","timestamp":"2025-08-04 05:30:20:3020","version":"1.0.0"}
{"component":"firebase","environment":"production","level":"info","message":"Attempting to initialize Firebase Admin","operation":"firebase_admin_init","service":"highlaunchpad-api","timestamp":"2025-08-04 05:30:20:3020","version":"1.0.0"}
{"component":"firebase","environment":"production","level":"info","message":"Initializing from credentials file","operation":"firebase_admin_init","path":"/home/mike/Documents/firebase-veilnet-firebase-adminsdk-fbsvc-ab6e5cb14b.json","service":"highlaunchpad-api","source":"credentials_file","timestamp":"2025-08-04 05:30:20:3020","version":"1.0.0"}
{"component":"firebase","environment":"production","level":"info","message":"Attempting to initialize Firebase Admin","operation":"firebase_admin_init","service":"highlaunchpad-api","timestamp":"2025-08-04 05:30:20:3020","version":"1.0.0"}
{"component":"firebase","environment":"production","level":"info","message":"Initializing from credentials file","operation":"firebase_admin_init","path":"/home/mike/Documents/firebase-veilnet-firebase-adminsdk-fbsvc-ab6e5cb14b.json","service":"highlaunchpad-api","source":"credentials_file","timestamp":"2025-08-04 05:30:20:3020","version":"1.0.0"}
{"component":"firebase","environment":"production","level":"info","message":"Attempting to initialize Firebase Admin","operation":"firebase_admin_init","service":"highlaunchpad-api","timestamp":"2025-08-04 05:30:20:3020","version":"1.0.0"}
{"component":"firebase","environment":"production","level":"info","message":"Initializing from credentials file","operation":"firebase_admin_init","path":"/home/mike/Documents/firebase-veilnet-firebase-adminsdk-fbsvc-ab6e5cb14b.json","service":"highlaunchpad-api","source":"credentials_file","timestamp":"2025-08-04 05:30:20:3020","version":"1.0.0"}
{"component":"firebase","environment":"production","level":"info","message":"Attempting to initialize Firebase Admin","operation":"firebase_admin_init","service":"highlaunchpad-api","timestamp":"2025-08-04 05:30:20:3020","version":"1.0.0"}
{"component":"firebase","environment":"production","level":"info","message":"Initializing from credentials file","operation":"firebase_admin_init","path":"/home/mike/Documents/firebase-veilnet-firebase-adminsdk-fbsvc-ab6e5cb14b.json","service":"highlaunchpad-api","source":"credentials_file","timestamp":"2025-08-04 05:30:20:3020","version":"1.0.0"}
{"component":"firebase","environment":"production","level":"info","message":"Attempting to initialize Firebase Admin","operation":"firebase_admin_init","service":"highlaunchpad-api","timestamp":"2025-08-04 05:32:20:3220","version":"1.0.0"}
{"component":"firebase","environment":"production","level":"info","message":"Initializing from credentials file","operation":"firebase_admin_init","path":"/home/mike/Documents/firebase-veilnet-firebase-adminsdk-fbsvc-ab6e5cb14b.json","service":"highlaunchpad-api","source":"credentials_file","timestamp":"2025-08-04 05:32:20:3220","version":"1.0.0"}
{"component":"firebase","environment":"production","level":"info","message":"Attempting to initialize Firebase Admin","operation":"firebase_admin_init","service":"highlaunchpad-api","timestamp":"2025-08-04 05:32:20:3220","version":"1.0.0"}
{"component":"firebase","environment":"production","level":"info","message":"Initializing from credentials file","operation":"firebase_admin_init","path":"/home/mike/Documents/firebase-veilnet-firebase-adminsdk-fbsvc-ab6e5cb14b.json","service":"highlaunchpad-api","source":"credentials_file","timestamp":"2025-08-04 05:32:20:3220","version":"1.0.0"}
{"environment":"production","level":"info","message":"Starting environment variable validation","service":"highlaunchpad-api","timestamp":"2025-08-04 05:32:20:3220","version":"1.0.0"}
{"environment":"production","level":"warn","message":"Production environment: JWT_SECRET not configured or too short. OAuth state manager will use fallback.","service":"highlaunchpad-api","timestamp":"2025-08-04 05:32:20:3220","version":"1.0.0"}
{"environment":"production","level":"warn","message":"Production environment: SESSION_SECRET not configured or too short.","service":"highlaunchpad-api","timestamp":"2025-08-04 05:32:20:3220","version":"1.0.0"}
{"environment":"production","level":"warn","message":"Production environment without Sentry monitoring configured","service":"highlaunchpad-api","timestamp":"2025-08-04 05:32:20:3220","version":"1.0.0"}
{"configuredServices":{"firebase":false,"monitoring":false,"oauth":{"facebook":true,"instagram":false,"linkedin":true,"twitter":true},"stripe":true},"duration":5,"environment":"production","level":"info","message":"Environment validation successful","service":"highlaunchpad-api","timestamp":"2025-08-04 05:32:20:3220","version":"1.0.0"}
{"component":"firebase","environment":"production","level":"info","message":"Attempting to initialize Firebase Admin","operation":"firebase_admin_init","service":"highlaunchpad-api","timestamp":"2025-08-04 05:32:20:3220","version":"1.0.0"}
{"component":"firebase","environment":"production","level":"info","message":"Initializing from credentials file","operation":"firebase_admin_init","path":"/home/mike/Documents/firebase-veilnet-firebase-adminsdk-fbsvc-ab6e5cb14b.json","service":"highlaunchpad-api","source":"credentials_file","timestamp":"2025-08-04 05:32:20:3220","version":"1.0.0"}
{"environment":"production","level":"info","message":"Starting environment variable validation","service":"highlaunchpad-api","timestamp":"2025-08-04 05:32:20:3220","version":"1.0.0"}
{"environment":"production","level":"warn","message":"Production environment: JWT_SECRET not configured or too short. OAuth state manager will use fallback.","service":"highlaunchpad-api","timestamp":"2025-08-04 05:32:20:3220","version":"1.0.0"}
{"environment":"production","level":"warn","message":"Production environment: SESSION_SECRET not configured or too short.","service":"highlaunchpad-api","timestamp":"2025-08-04 05:32:20:3220","version":"1.0.0"}
{"environment":"production","level":"warn","message":"Production environment without Sentry monitoring configured","service":"highlaunchpad-api","timestamp":"2025-08-04 05:32:20:3220","version":"1.0.0"}
{"configuredServices":{"firebase":false,"monitoring":false,"oauth":{"facebook":true,"instagram":false,"linkedin":true,"twitter":true},"stripe":true},"duration":3,"environment":"production","level":"info","message":"Environment validation successful","service":"highlaunchpad-api","timestamp":"2025-08-04 05:32:20:3220","version":"1.0.0"}
{"component":"firebase","environment":"production","level":"info","message":"Attempting to initialize Firebase Admin","operation":"firebase_admin_init","service":"highlaunchpad-api","timestamp":"2025-08-04 05:32:20:3220","version":"1.0.0"}
{"component":"firebase","environment":"production","level":"info","message":"Initializing from credentials file","operation":"firebase_admin_init","path":"/home/mike/Documents/firebase-veilnet-firebase-adminsdk-fbsvc-ab6e5cb14b.json","service":"highlaunchpad-api","source":"credentials_file","timestamp":"2025-08-04 05:32:20:3220","version":"1.0.0"}
{"component":"firebase","environment":"production","level":"info","message":"Attempting to initialize Firebase Admin","operation":"firebase_admin_init","service":"highlaunchpad-api","timestamp":"2025-08-04 05:32:20:3220","version":"1.0.0"}
{"component":"firebase","environment":"production","level":"info","message":"Initializing from credentials file","operation":"firebase_admin_init","path":"/home/mike/Documents/firebase-veilnet-firebase-adminsdk-fbsvc-ab6e5cb14b.json","service":"highlaunchpad-api","source":"credentials_file","timestamp":"2025-08-04 05:32:20:3220","version":"1.0.0"}
{"component":"firebase","environment":"production","level":"info","message":"Attempting to initialize Firebase Admin","operation":"firebase_admin_init","service":"highlaunchpad-api","timestamp":"2025-08-04 05:32:20:3220","version":"1.0.0"}
{"component":"firebase","environment":"production","level":"info","message":"Initializing from credentials file","operation":"firebase_admin_init","path":"/home/mike/Documents/firebase-veilnet-firebase-adminsdk-fbsvc-ab6e5cb14b.json","service":"highlaunchpad-api","source":"credentials_file","timestamp":"2025-08-04 05:32:20:3220","version":"1.0.0"}
{"component":"firebase","environment":"production","level":"info","message":"Attempting to initialize Firebase Admin","operation":"firebase_admin_init","service":"highlaunchpad-api","timestamp":"2025-08-04 05:32:20:3220","version":"1.0.0"}
{"component":"firebase","environment":"production","level":"info","message":"Initializing from credentials file","operation":"firebase_admin_init","path":"/home/mike/Documents/firebase-veilnet-firebase-adminsdk-fbsvc-ab6e5cb14b.json","service":"highlaunchpad-api","source":"credentials_file","timestamp":"2025-08-04 05:32:20:3220","version":"1.0.0"}
{"component":"firebase","environment":"production","level":"info","message":"Attempting to initialize Firebase Admin","operation":"firebase_admin_init","service":"highlaunchpad-api","timestamp":"2025-08-04 05:32:20:3220","version":"1.0.0"}
{"component":"firebase","environment":"production","level":"info","message":"Initializing from credentials file","operation":"firebase_admin_init","path":"/home/mike/Documents/firebase-veilnet-firebase-adminsdk-fbsvc-ab6e5cb14b.json","service":"highlaunchpad-api","source":"credentials_file","timestamp":"2025-08-04 05:32:20:3220","version":"1.0.0"}
{"component":"firebase","environment":"production","level":"info","message":"Attempting to initialize Firebase Admin","operation":"firebase_admin_init","service":"highlaunchpad-api","timestamp":"2025-08-04 05:32:20:3220","version":"1.0.0"}
{"component":"firebase","environment":"production","level":"info","message":"Initializing from credentials file","operation":"firebase_admin_init","path":"/home/mike/Documents/firebase-veilnet-firebase-adminsdk-fbsvc-ab6e5cb14b.json","service":"highlaunchpad-api","source":"credentials_file","timestamp":"2025-08-04 05:32:20:3220","version":"1.0.0"}
{"component":"firebase","environment":"production","level":"info","message":"Attempting to initialize Firebase Admin","operation":"firebase_admin_init","service":"highlaunchpad-api","timestamp":"2025-08-04 05:32:20:3220","version":"1.0.0"}
{"component":"firebase","environment":"production","level":"info","message":"Initializing from credentials file","operation":"firebase_admin_init","path":"/home/mike/Documents/firebase-veilnet-firebase-adminsdk-fbsvc-ab6e5cb14b.json","service":"highlaunchpad-api","source":"credentials_file","timestamp":"2025-08-04 05:32:20:3220","version":"1.0.0"}
{"component":"firebase","environment":"production","level":"info","message":"Attempting to initialize Firebase Admin","operation":"firebase_admin_init","service":"highlaunchpad-api","timestamp":"2025-08-04 05:32:20:3220","version":"1.0.0"}
{"component":"firebase","environment":"production","level":"info","message":"Initializing from credentials file","operation":"firebase_admin_init","path":"/home/mike/Documents/firebase-veilnet-firebase-adminsdk-fbsvc-ab6e5cb14b.json","service":"highlaunchpad-api","source":"credentials_file","timestamp":"2025-08-04 05:32:20:3220","version":"1.0.0"}
{"component":"firebase","environment":"production","level":"info","message":"Attempting to initialize Firebase Admin","operation":"firebase_admin_init","service":"highlaunchpad-api","timestamp":"2025-08-04 05:32:20:3220","version":"1.0.0"}
{"component":"firebase","environment":"production","level":"info","message":"Initializing from credentials file","operation":"firebase_admin_init","path":"/home/mike/Documents/firebase-veilnet-firebase-adminsdk-fbsvc-ab6e5cb14b.json","service":"highlaunchpad-api","source":"credentials_file","timestamp":"2025-08-04 05:32:20:3220","version":"1.0.0"}
{"environment":"production","level":"info","message":"Starting environment variable validation","service":"highlaunchpad-api","timestamp":"2025-08-04 05:32:21:3221","version":"1.0.0"}
{"environment":"production","level":"warn","message":"Production environment: JWT_SECRET not configured or too short. OAuth state manager will use fallback.","service":"highlaunchpad-api","timestamp":"2025-08-04 05:32:21:3221","version":"1.0.0"}
{"environment":"production","level":"warn","message":"Production environment: SESSION_SECRET not configured or too short.","service":"highlaunchpad-api","timestamp":"2025-08-04 05:32:21:3221","version":"1.0.0"}
{"environment":"production","level":"warn","message":"Production environment without Sentry monitoring configured","service":"highlaunchpad-api","timestamp":"2025-08-04 05:32:21:3221","version":"1.0.0"}
{"configuredServices":{"firebase":false,"monitoring":false,"oauth":{"facebook":true,"instagram":false,"linkedin":true,"twitter":true},"stripe":true},"duration":2,"environment":"production","level":"info","message":"Environment validation successful","service":"highlaunchpad-api","timestamp":"2025-08-04 05:32:21:3221","version":"1.0.0"}
{"component":"firebase","environment":"production","level":"info","message":"Attempting to initialize Firebase Admin","operation":"firebase_admin_init","service":"highlaunchpad-api","timestamp":"2025-08-04 05:32:21:3221","version":"1.0.0"}
{"component":"firebase","environment":"production","level":"info","message":"Initializing from credentials file","operation":"firebase_admin_init","path":"/home/mike/Documents/firebase-veilnet-firebase-adminsdk-fbsvc-ab6e5cb14b.json","service":"highlaunchpad-api","source":"credentials_file","timestamp":"2025-08-04 05:32:21:3221","version":"1.0.0"}
{"component":"firebase","environment":"production","level":"info","message":"Attempting to initialize Firebase Admin","operation":"firebase_admin_init","service":"highlaunchpad-api","timestamp":"2025-08-04 05:32:21:3221","version":"1.0.0"}
{"component":"firebase","environment":"production","level":"info","message":"Initializing from credentials file","operation":"firebase_admin_init","path":"/home/mike/Documents/firebase-veilnet-firebase-adminsdk-fbsvc-ab6e5cb14b.json","service":"highlaunchpad-api","source":"credentials_file","timestamp":"2025-08-04 05:32:21:3221","version":"1.0.0"}
{"component":"firebase","environment":"production","level":"info","message":"Attempting to initialize Firebase Admin","operation":"firebase_admin_init","service":"highlaunchpad-api","timestamp":"2025-08-04 05:32:21:3221","version":"1.0.0"}
{"component":"firebase","environment":"production","level":"info","message":"Initializing from credentials file","operation":"firebase_admin_init","path":"/home/mike/Documents/firebase-veilnet-firebase-adminsdk-fbsvc-ab6e5cb14b.json","service":"highlaunchpad-api","source":"credentials_file","timestamp":"2025-08-04 05:32:21:3221","version":"1.0.0"}
{"environment":"production","level":"info","message":"Starting environment variable validation","service":"highlaunchpad-api","timestamp":"2025-08-04 05:32:21:3221","version":"1.0.0"}
{"environment":"production","level":"warn","message":"Production environment: JWT_SECRET not configured or too short. OAuth state manager will use fallback.","service":"highlaunchpad-api","timestamp":"2025-08-04 05:32:21:3221","version":"1.0.0"}
{"environment":"production","level":"warn","message":"Production environment: SESSION_SECRET not configured or too short.","service":"highlaunchpad-api","timestamp":"2025-08-04 05:32:21:3221","version":"1.0.0"}
{"environment":"production","level":"warn","message":"Production environment without Sentry monitoring configured","service":"highlaunchpad-api","timestamp":"2025-08-04 05:32:21:3221","version":"1.0.0"}
{"configuredServices":{"firebase":false,"monitoring":false,"oauth":{"facebook":true,"instagram":false,"linkedin":true,"twitter":true},"stripe":true},"duration":2,"environment":"production","level":"info","message":"Environment validation successful","service":"highlaunchpad-api","timestamp":"2025-08-04 05:32:21:3221","version":"1.0.0"}
{"component":"firebase","environment":"production","level":"info","message":"Attempting to initialize Firebase Admin","operation":"firebase_admin_init","service":"highlaunchpad-api","timestamp":"2025-08-04 05:32:21:3221","version":"1.0.0"}
{"component":"firebase","environment":"production","level":"info","message":"Initializing from credentials file","operation":"firebase_admin_init","path":"/home/mike/Documents/firebase-veilnet-firebase-adminsdk-fbsvc-ab6e5cb14b.json","service":"highlaunchpad-api","source":"credentials_file","timestamp":"2025-08-04 05:32:21:3221","version":"1.0.0"}
{"component":"firebase","environment":"production","level":"info","message":"Attempting to initialize Firebase Admin","operation":"firebase_admin_init","service":"highlaunchpad-api","timestamp":"2025-08-04 05:32:21:3221","version":"1.0.0"}
{"component":"firebase","environment":"production","level":"info","message":"Initializing from credentials file","operation":"firebase_admin_init","path":"/home/mike/Documents/firebase-veilnet-firebase-adminsdk-fbsvc-ab6e5cb14b.json","service":"highlaunchpad-api","source":"credentials_file","timestamp":"2025-08-04 05:32:21:3221","version":"1.0.0"}
{"component":"firebase","environment":"production","level":"info","message":"Attempting to initialize Firebase Admin","operation":"firebase_admin_init","service":"highlaunchpad-api","timestamp":"2025-08-04 05:32:21:3221","version":"1.0.0"}
{"component":"firebase","environment":"production","level":"info","message":"Initializing from credentials file","operation":"firebase_admin_init","path":"/home/mike/Documents/firebase-veilnet-firebase-adminsdk-fbsvc-ab6e5cb14b.json","service":"highlaunchpad-api","source":"credentials_file","timestamp":"2025-08-04 05:32:21:3221","version":"1.0.0"}
{"component":"firebase","environment":"production","level":"info","message":"Attempting to initialize Firebase Admin","operation":"firebase_admin_init","service":"highlaunchpad-api","timestamp":"2025-08-04 05:45:22:4522","version":"1.0.0"}
{"component":"firebase","environment":"production","level":"info","message":"Initializing from credentials file","operation":"firebase_admin_init","path":"/home/mike/Documents/firebase-veilnet-firebase-adminsdk-fbsvc-ab6e5cb14b.json","service":"highlaunchpad-api","source":"credentials_file","timestamp":"2025-08-04 05:45:22:4522","version":"1.0.0"}
{"component":"firebase","environment":"production","level":"info","message":"Attempting to initialize Firebase Admin","operation":"firebase_admin_init","service":"highlaunchpad-api","timestamp":"2025-08-04 05:45:22:4522","version":"1.0.0"}
{"component":"firebase","environment":"production","level":"info","message":"Initializing from credentials file","operation":"firebase_admin_init","path":"/home/mike/Documents/firebase-veilnet-firebase-adminsdk-fbsvc-ab6e5cb14b.json","service":"highlaunchpad-api","source":"credentials_file","timestamp":"2025-08-04 05:45:22:4522","version":"1.0.0"}
{"environment":"production","level":"info","message":"Starting environment variable validation","service":"highlaunchpad-api","timestamp":"2025-08-04 05:45:22:4522","version":"1.0.0"}
{"environment":"production","level":"warn","message":"Production environment: JWT_SECRET not configured or too short. OAuth state manager will use fallback.","service":"highlaunchpad-api","timestamp":"2025-08-04 05:45:22:4522","version":"1.0.0"}
{"environment":"production","level":"warn","message":"Production environment: SESSION_SECRET not configured or too short.","service":"highlaunchpad-api","timestamp":"2025-08-04 05:45:22:4522","version":"1.0.0"}
{"environment":"production","level":"warn","message":"Production environment without Sentry monitoring configured","service":"highlaunchpad-api","timestamp":"2025-08-04 05:45:22:4522","version":"1.0.0"}
{"configuredServices":{"firebase":false,"monitoring":false,"oauth":{"facebook":true,"instagram":false,"linkedin":true,"twitter":true},"stripe":true},"duration":5,"environment":"production","level":"info","message":"Environment validation successful","service":"highlaunchpad-api","timestamp":"2025-08-04 05:45:22:4522","version":"1.0.0"}
{"component":"firebase","environment":"production","level":"info","message":"Attempting to initialize Firebase Admin","operation":"firebase_admin_init","service":"highlaunchpad-api","timestamp":"2025-08-04 05:45:22:4522","version":"1.0.0"}
{"component":"firebase","environment":"production","level":"info","message":"Attempting to initialize Firebase Admin","operation":"firebase_admin_init","service":"highlaunchpad-api","timestamp":"2025-08-04 05:45:22:4522","version":"1.0.0"}
{"component":"firebase","environment":"production","level":"info","message":"Attempting to initialize Firebase Admin","operation":"firebase_admin_init","service":"highlaunchpad-api","timestamp":"2025-08-04 05:45:22:4522","version":"1.0.0"}
{"component":"firebase","environment":"production","level":"info","message":"Attempting to initialize Firebase Admin","operation":"firebase_admin_init","service":"highlaunchpad-api","timestamp":"2025-08-04 05:45:22:4522","version":"1.0.0"}
{"component":"firebase","environment":"production","level":"info","message":"Initializing from credentials file","operation":"firebase_admin_init","path":"/home/mike/Documents/firebase-veilnet-firebase-adminsdk-fbsvc-ab6e5cb14b.json","service":"highlaunchpad-api","source":"credentials_file","timestamp":"2025-08-04 05:45:22:4522","version":"1.0.0"}
{"environment":"production","level":"info","message":"Starting environment variable validation","service":"highlaunchpad-api","timestamp":"2025-08-04 05:45:22:4522","version":"1.0.0"}
{"environment":"production","level":"warn","message":"Production environment: JWT_SECRET not configured or too short. OAuth state manager will use fallback.","service":"highlaunchpad-api","timestamp":"2025-08-04 05:45:22:4522","version":"1.0.0"}
{"environment":"production","level":"warn","message":"Production environment: SESSION_SECRET not configured or too short.","service":"highlaunchpad-api","timestamp":"2025-08-04 05:45:22:4522","version":"1.0.0"}
{"environment":"production","level":"warn","message":"Production environment without Sentry monitoring configured","service":"highlaunchpad-api","timestamp":"2025-08-04 05:45:22:4522","version":"1.0.0"}
{"configuredServices":{"firebase":false,"monitoring":false,"oauth":{"facebook":true,"instagram":false,"linkedin":true,"twitter":true},"stripe":true},"duration":4,"environment":"production","level":"info","message":"Environment validation successful","service":"highlaunchpad-api","timestamp":"2025-08-04 05:45:22:4522","version":"1.0.0"}
{"component":"firebase","environment":"production","level":"info","message":"Initializing from credentials file","operation":"firebase_admin_init","path":"/home/mike/Documents/firebase-veilnet-firebase-adminsdk-fbsvc-ab6e5cb14b.json","service":"highlaunchpad-api","source":"credentials_file","timestamp":"2025-08-04 05:45:22:4522","version":"1.0.0"}
{"environment":"production","level":"info","message":"Starting environment variable validation","service":"highlaunchpad-api","timestamp":"2025-08-04 05:45:22:4522","version":"1.0.0"}
{"environment":"production","level":"warn","message":"Production environment: JWT_SECRET not configured or too short. OAuth state manager will use fallback.","service":"highlaunchpad-api","timestamp":"2025-08-04 05:45:22:4522","version":"1.0.0"}
{"environment":"production","level":"warn","message":"Production environment: SESSION_SECRET not configured or too short.","service":"highlaunchpad-api","timestamp":"2025-08-04 05:45:22:4522","version":"1.0.0"}
{"environment":"production","level":"warn","message":"Production environment without Sentry monitoring configured","service":"highlaunchpad-api","timestamp":"2025-08-04 05:45:22:4522","version":"1.0.0"}
{"configuredServices":{"firebase":false,"monitoring":false,"oauth":{"facebook":true,"instagram":false,"linkedin":true,"twitter":true},"stripe":true},"duration":3,"environment":"production","level":"info","message":"Environment validation successful","service":"highlaunchpad-api","timestamp":"2025-08-04 05:45:22:4522","version":"1.0.0"}
{"component":"firebase","environment":"production","level":"info","message":"Initializing from credentials file","operation":"firebase_admin_init","path":"/home/mike/Documents/firebase-veilnet-firebase-adminsdk-fbsvc-ab6e5cb14b.json","service":"highlaunchpad-api","source":"credentials_file","timestamp":"2025-08-04 05:45:22:4522","version":"1.0.0"}
{"component":"firebase","environment":"production","level":"info","message":"Initializing from credentials file","operation":"firebase_admin_init","path":"/home/mike/Documents/firebase-veilnet-firebase-adminsdk-fbsvc-ab6e5cb14b.json","service":"highlaunchpad-api","source":"credentials_file","timestamp":"2025-08-04 05:45:22:4522","version":"1.0.0"}
{"component":"firebase","environment":"production","level":"info","message":"Attempting to initialize Firebase Admin","operation":"firebase_admin_init","service":"highlaunchpad-api","timestamp":"2025-08-04 05:45:22:4522","version":"1.0.0"}
{"component":"firebase","environment":"production","level":"info","message":"Initializing from credentials file","operation":"firebase_admin_init","path":"/home/mike/Documents/firebase-veilnet-firebase-adminsdk-fbsvc-ab6e5cb14b.json","service":"highlaunchpad-api","source":"credentials_file","timestamp":"2025-08-04 05:45:22:4522","version":"1.0.0"}
{"component":"firebase","environment":"production","level":"info","message":"Attempting to initialize Firebase Admin","operation":"firebase_admin_init","service":"highlaunchpad-api","timestamp":"2025-08-04 05:45:22:4522","version":"1.0.0"}
{"component":"firebase","environment":"production","level":"info","message":"Initializing from credentials file","operation":"firebase_admin_init","path":"/home/mike/Documents/firebase-veilnet-firebase-adminsdk-fbsvc-ab6e5cb14b.json","service":"highlaunchpad-api","source":"credentials_file","timestamp":"2025-08-04 05:45:22:4522","version":"1.0.0"}
{"component":"firebase","environment":"production","level":"info","message":"Attempting to initialize Firebase Admin","operation":"firebase_admin_init","service":"highlaunchpad-api","timestamp":"2025-08-04 05:45:22:4522","version":"1.0.0"}
{"component":"firebase","environment":"production","level":"info","message":"Initializing from credentials file","operation":"firebase_admin_init","path":"/home/mike/Documents/firebase-veilnet-firebase-adminsdk-fbsvc-ab6e5cb14b.json","service":"highlaunchpad-api","source":"credentials_file","timestamp":"2025-08-04 05:45:22:4522","version":"1.0.0"}
{"component":"firebase","environment":"production","level":"info","message":"Attempting to initialize Firebase Admin","operation":"firebase_admin_init","service":"highlaunchpad-api","timestamp":"2025-08-04 05:45:22:4522","version":"1.0.0"}
{"component":"firebase","environment":"production","level":"info","message":"Initializing from credentials file","operation":"firebase_admin_init","path":"/home/mike/Documents/firebase-veilnet-firebase-adminsdk-fbsvc-ab6e5cb14b.json","service":"highlaunchpad-api","source":"credentials_file","timestamp":"2025-08-04 05:45:22:4522","version":"1.0.0"}
{"component":"firebase","environment":"production","level":"info","message":"Attempting to initialize Firebase Admin","operation":"firebase_admin_init","service":"highlaunchpad-api","timestamp":"2025-08-04 05:45:22:4522","version":"1.0.0"}
{"component":"firebase","environment":"production","level":"info","message":"Initializing from credentials file","operation":"firebase_admin_init","path":"/home/mike/Documents/firebase-veilnet-firebase-adminsdk-fbsvc-ab6e5cb14b.json","service":"highlaunchpad-api","source":"credentials_file","timestamp":"2025-08-04 05:45:22:4522","version":"1.0.0"}
{"component":"firebase","environment":"production","level":"info","message":"Attempting to initialize Firebase Admin","operation":"firebase_admin_init","service":"highlaunchpad-api","timestamp":"2025-08-04 05:45:22:4522","version":"1.0.0"}
{"component":"firebase","environment":"production","level":"info","message":"Initializing from credentials file","operation":"firebase_admin_init","path":"/home/mike/Documents/firebase-veilnet-firebase-adminsdk-fbsvc-ab6e5cb14b.json","service":"highlaunchpad-api","source":"credentials_file","timestamp":"2025-08-04 05:45:22:4522","version":"1.0.0"}
{"environment":"production","level":"info","message":"Starting environment variable validation","service":"highlaunchpad-api","timestamp":"2025-08-04 05:45:23:4523","version":"1.0.0"}
{"environment":"production","level":"warn","message":"Production environment: JWT_SECRET not configured or too short. OAuth state manager will use fallback.","service":"highlaunchpad-api","timestamp":"2025-08-04 05:45:23:4523","version":"1.0.0"}
{"environment":"production","level":"warn","message":"Production environment: SESSION_SECRET not configured or too short.","service":"highlaunchpad-api","timestamp":"2025-08-04 05:45:23:4523","version":"1.0.0"}
{"environment":"production","level":"warn","message":"Production environment without Sentry monitoring configured","service":"highlaunchpad-api","timestamp":"2025-08-04 05:45:23:4523","version":"1.0.0"}
{"configuredServices":{"firebase":false,"monitoring":false,"oauth":{"facebook":true,"instagram":false,"linkedin":true,"twitter":true},"stripe":true},"duration":2,"environment":"production","level":"info","message":"Environment validation successful","service":"highlaunchpad-api","timestamp":"2025-08-04 05:45:23:4523","version":"1.0.0"}
{"environment":"production","level":"info","message":"Starting environment variable validation","service":"highlaunchpad-api","timestamp":"2025-08-04 05:45:24:4524","version":"1.0.0"}
{"environment":"production","level":"warn","message":"Production environment: JWT_SECRET not configured or too short. OAuth state manager will use fallback.","service":"highlaunchpad-api","timestamp":"2025-08-04 05:45:24:4524","version":"1.0.0"}
{"environment":"production","level":"warn","message":"Production environment: SESSION_SECRET not configured or too short.","service":"highlaunchpad-api","timestamp":"2025-08-04 05:45:24:4524","version":"1.0.0"}
{"environment":"production","level":"warn","message":"Production environment without Sentry monitoring configured","service":"highlaunchpad-api","timestamp":"2025-08-04 05:45:24:4524","version":"1.0.0"}
{"configuredServices":{"firebase":false,"monitoring":false,"oauth":{"facebook":true,"instagram":false,"linkedin":true,"twitter":true},"stripe":true},"duration":2,"environment":"production","level":"info","message":"Environment validation successful","service":"highlaunchpad-api","timestamp":"2025-08-04 05:45:24:4524","version":"1.0.0"}
{"component":"firebase","environment":"production","level":"info","message":"Attempting to initialize Firebase Admin","operation":"firebase_admin_init","service":"highlaunchpad-api","timestamp":"2025-08-04 05:45:23:4523","version":"1.0.0"}
{"component":"firebase","environment":"production","level":"info","message":"Initializing from credentials file","operation":"firebase_admin_init","path":"/home/mike/Documents/firebase-veilnet-firebase-adminsdk-fbsvc-ab6e5cb14b.json","service":"highlaunchpad-api","source":"credentials_file","timestamp":"2025-08-04 05:45:23:4523","version":"1.0.0"}
{"component":"firebase","environment":"production","level":"info","message":"Attempting to initialize Firebase Admin","operation":"firebase_admin_init","service":"highlaunchpad-api","timestamp":"2025-08-04 05:45:24:4524","version":"1.0.0"}
{"component":"firebase","environment":"production","level":"info","message":"Initializing from credentials file","operation":"firebase_admin_init","path":"/home/mike/Documents/firebase-veilnet-firebase-adminsdk-fbsvc-ab6e5cb14b.json","service":"highlaunchpad-api","source":"credentials_file","timestamp":"2025-08-04 05:45:24:4524","version":"1.0.0"}
{"component":"firebase","environment":"production","level":"info","message":"Attempting to initialize Firebase Admin","operation":"firebase_admin_init","service":"highlaunchpad-api","timestamp":"2025-08-04 05:45:24:4524","version":"1.0.0"}
{"component":"firebase","environment":"production","level":"info","message":"Initializing from credentials file","operation":"firebase_admin_init","path":"/home/mike/Documents/firebase-veilnet-firebase-adminsdk-fbsvc-ab6e5cb14b.json","service":"highlaunchpad-api","source":"credentials_file","timestamp":"2025-08-04 05:45:24:4524","version":"1.0.0"}
{"component":"firebase","environment":"production","level":"info","message":"Attempting to initialize Firebase Admin","operation":"firebase_admin_init","service":"highlaunchpad-api","timestamp":"2025-08-04 05:45:24:4524","version":"1.0.0"}
{"component":"firebase","environment":"production","level":"info","message":"Initializing from credentials file","operation":"firebase_admin_init","path":"/home/mike/Documents/firebase-veilnet-firebase-adminsdk-fbsvc-ab6e5cb14b.json","service":"highlaunchpad-api","source":"credentials_file","timestamp":"2025-08-04 05:45:24:4524","version":"1.0.0"}
{"component":"firebase","environment":"production","level":"info","message":"Attempting to initialize Firebase Admin","operation":"firebase_admin_init","service":"highlaunchpad-api","timestamp":"2025-08-04 05:45:24:4524","version":"1.0.0"}
{"component":"firebase","environment":"production","level":"info","message":"Initializing from credentials file","operation":"firebase_admin_init","path":"/home/mike/Documents/firebase-veilnet-firebase-adminsdk-fbsvc-ab6e5cb14b.json","service":"highlaunchpad-api","source":"credentials_file","timestamp":"2025-08-04 05:45:24:4524","version":"1.0.0"}
{"environment":"production","level":"info","message":"Starting environment variable validation","service":"highlaunchpad-api","timestamp":"2025-08-04 05:45:24:4524","version":"1.0.0"}
{"environment":"production","level":"warn","message":"Production environment: JWT_SECRET not configured or too short. OAuth state manager will use fallback.","service":"highlaunchpad-api","timestamp":"2025-08-04 05:45:24:4524","version":"1.0.0"}
{"environment":"production","level":"warn","message":"Production environment: SESSION_SECRET not configured or too short.","service":"highlaunchpad-api","timestamp":"2025-08-04 05:45:24:4524","version":"1.0.0"}
{"environment":"production","level":"warn","message":"Production environment without Sentry monitoring configured","service":"highlaunchpad-api","timestamp":"2025-08-04 05:45:24:4524","version":"1.0.0"}
{"configuredServices":{"firebase":false,"monitoring":false,"oauth":{"facebook":true,"instagram":false,"linkedin":true,"twitter":true},"stripe":true},"duration":2,"environment":"production","level":"info","message":"Environment validation successful","service":"highlaunchpad-api","timestamp":"2025-08-04 05:45:24:4524","version":"1.0.0"}
{"component":"firebase","environment":"production","level":"info","message":"Attempting to initialize Firebase Admin","operation":"firebase_admin_init","service":"highlaunchpad-api","timestamp":"2025-08-04 05:46:41:4641","version":"1.0.0"}
{"component":"firebase","environment":"production","level":"info","message":"Initializing from credentials file","operation":"firebase_admin_init","path":"/home/mike/Documents/firebase-veilnet-firebase-adminsdk-fbsvc-ab6e5cb14b.json","service":"highlaunchpad-api","source":"credentials_file","timestamp":"2025-08-04 05:46:41:4641","version":"1.0.0"}
{"component":"firebase","environment":"production","level":"info","message":"Attempting to initialize Firebase Admin","operation":"firebase_admin_init","service":"highlaunchpad-api","timestamp":"2025-08-04 05:46:41:4641","version":"1.0.0"}
{"component":"firebase","environment":"production","level":"info","message":"Attempting to initialize Firebase Admin","operation":"firebase_admin_init","service":"highlaunchpad-api","timestamp":"2025-08-04 05:46:41:4641","version":"1.0.0"}
{"component":"firebase","environment":"production","level":"info","message":"Initializing from credentials file","operation":"firebase_admin_init","path":"/home/mike/Documents/firebase-veilnet-firebase-adminsdk-fbsvc-ab6e5cb14b.json","service":"highlaunchpad-api","source":"credentials_file","timestamp":"2025-08-04 05:46:41:4641","version":"1.0.0"}
{"component":"firebase","environment":"production","level":"info","message":"Initializing from credentials file","operation":"firebase_admin_init","path":"/home/mike/Documents/firebase-veilnet-firebase-adminsdk-fbsvc-ab6e5cb14b.json","service":"highlaunchpad-api","source":"credentials_file","timestamp":"2025-08-04 05:46:41:4641","version":"1.0.0"}
{"environment":"production","level":"info","message":"Starting environment variable validation","service":"highlaunchpad-api","timestamp":"2025-08-04 05:46:41:4641","version":"1.0.0"}
{"component":"firebase","environment":"production","level":"info","message":"Attempting to initialize Firebase Admin","operation":"firebase_admin_init","service":"highlaunchpad-api","timestamp":"2025-08-04 05:46:41:4641","version":"1.0.0"}
{"environment":"production","level":"warn","message":"Production environment: JWT_SECRET not configured or too short. OAuth state manager will use fallback.","service":"highlaunchpad-api","timestamp":"2025-08-04 05:46:41:4641","version":"1.0.0"}
{"environment":"production","level":"warn","message":"Production environment: SESSION_SECRET not configured or too short.","service":"highlaunchpad-api","timestamp":"2025-08-04 05:46:41:4641","version":"1.0.0"}
{"environment":"production","level":"warn","message":"Production environment without Sentry monitoring configured","service":"highlaunchpad-api","timestamp":"2025-08-04 05:46:41:4641","version":"1.0.0"}
{"configuredServices":{"firebase":false,"monitoring":false,"oauth":{"facebook":true,"instagram":false,"linkedin":true,"twitter":true},"stripe":true},"duration":3,"environment":"production","level":"info","message":"Environment validation successful","service":"highlaunchpad-api","timestamp":"2025-08-04 05:46:41:4641","version":"1.0.0"}
{"environment":"production","level":"info","message":"Starting environment variable validation","service":"highlaunchpad-api","timestamp":"2025-08-04 05:46:41:4641","version":"1.0.0"}
{"environment":"production","level":"warn","message":"Production environment: JWT_SECRET not configured or too short. OAuth state manager will use fallback.","service":"highlaunchpad-api","timestamp":"2025-08-04 05:46:41:4641","version":"1.0.0"}
{"environment":"production","level":"warn","message":"Production environment: SESSION_SECRET not configured or too short.","service":"highlaunchpad-api","timestamp":"2025-08-04 05:46:41:4641","version":"1.0.0"}
{"environment":"production","level":"warn","message":"Production environment without Sentry monitoring configured","service":"highlaunchpad-api","timestamp":"2025-08-04 05:46:41:4641","version":"1.0.0"}
{"configuredServices":{"firebase":false,"monitoring":false,"oauth":{"facebook":true,"instagram":false,"linkedin":true,"twitter":true},"stripe":true},"duration":4,"environment":"production","level":"info","message":"Environment validation successful","service":"highlaunchpad-api","timestamp":"2025-08-04 05:46:41:4641","version":"1.0.0"}
{"component":"firebase","environment":"production","level":"info","message":"Attempting to initialize Firebase Admin","operation":"firebase_admin_init","service":"highlaunchpad-api","timestamp":"2025-08-04 05:46:41:4641","version":"1.0.0"}
{"component":"firebase","environment":"production","level":"info","message":"Initializing from credentials file","operation":"firebase_admin_init","path":"/home/mike/Documents/firebase-veilnet-firebase-adminsdk-fbsvc-ab6e5cb14b.json","service":"highlaunchpad-api","source":"credentials_file","timestamp":"2025-08-04 05:46:41:4641","version":"1.0.0"}
{"environment":"production","level":"info","message":"Starting environment variable validation","service":"highlaunchpad-api","timestamp":"2025-08-04 05:46:41:4641","version":"1.0.0"}
{"environment":"production","level":"warn","message":"Production environment: JWT_SECRET not configured or too short. OAuth state manager will use fallback.","service":"highlaunchpad-api","timestamp":"2025-08-04 05:46:41:4641","version":"1.0.0"}
{"environment":"production","level":"warn","message":"Production environment: SESSION_SECRET not configured or too short.","service":"highlaunchpad-api","timestamp":"2025-08-04 05:46:41:4641","version":"1.0.0"}
{"environment":"production","level":"warn","message":"Production environment without Sentry monitoring configured","service":"highlaunchpad-api","timestamp":"2025-08-04 05:46:41:4641","version":"1.0.0"}
{"configuredServices":{"firebase":false,"monitoring":false,"oauth":{"facebook":true,"instagram":false,"linkedin":true,"twitter":true},"stripe":true},"duration":3,"environment":"production","level":"info","message":"Environment validation successful","service":"highlaunchpad-api","timestamp":"2025-08-04 05:46:41:4641","version":"1.0.0"}
{"component":"firebase","environment":"production","level":"info","message":"Attempting to initialize Firebase Admin","operation":"firebase_admin_init","service":"highlaunchpad-api","timestamp":"2025-08-04 05:46:41:4641","version":"1.0.0"}
{"component":"firebase","environment":"production","level":"info","message":"Initializing from credentials file","operation":"firebase_admin_init","path":"/home/mike/Documents/firebase-veilnet-firebase-adminsdk-fbsvc-ab6e5cb14b.json","service":"highlaunchpad-api","source":"credentials_file","timestamp":"2025-08-04 05:46:41:4641","version":"1.0.0"}
{"component":"firebase","environment":"production","level":"info","message":"Initializing from credentials file","operation":"firebase_admin_init","path":"/home/mike/Documents/firebase-veilnet-firebase-adminsdk-fbsvc-ab6e5cb14b.json","service":"highlaunchpad-api","source":"credentials_file","timestamp":"2025-08-04 05:46:41:4641","version":"1.0.0"}
{"component":"firebase","environment":"production","level":"info","message":"Attempting to initialize Firebase Admin","operation":"firebase_admin_init","service":"highlaunchpad-api","timestamp":"2025-08-04 05:46:41:4641","version":"1.0.0"}
{"component":"firebase","environment":"production","level":"info","message":"Initializing from credentials file","operation":"firebase_admin_init","path":"/home/mike/Documents/firebase-veilnet-firebase-adminsdk-fbsvc-ab6e5cb14b.json","service":"highlaunchpad-api","source":"credentials_file","timestamp":"2025-08-04 05:46:41:4641","version":"1.0.0"}
{"component":"firebase","environment":"production","level":"info","message":"Attempting to initialize Firebase Admin","operation":"firebase_admin_init","service":"highlaunchpad-api","timestamp":"2025-08-04 05:46:41:4641","version":"1.0.0"}
{"component":"firebase","environment":"production","level":"info","message":"Initializing from credentials file","operation":"firebase_admin_init","path":"/home/mike/Documents/firebase-veilnet-firebase-adminsdk-fbsvc-ab6e5cb14b.json","service":"highlaunchpad-api","source":"credentials_file","timestamp":"2025-08-04 05:46:41:4641","version":"1.0.0"}
{"component":"firebase","environment":"production","level":"info","message":"Attempting to initialize Firebase Admin","operation":"firebase_admin_init","service":"highlaunchpad-api","timestamp":"2025-08-04 05:46:42:4642","version":"1.0.0"}
{"component":"firebase","environment":"production","level":"info","message":"Initializing from credentials file","operation":"firebase_admin_init","path":"/home/mike/Documents/firebase-veilnet-firebase-adminsdk-fbsvc-ab6e5cb14b.json","service":"highlaunchpad-api","source":"credentials_file","timestamp":"2025-08-04 05:46:42:4642","version":"1.0.0"}
{"component":"firebase","environment":"production","level":"info","message":"Attempting to initialize Firebase Admin","operation":"firebase_admin_init","service":"highlaunchpad-api","timestamp":"2025-08-04 05:46:42:4642","version":"1.0.0"}
{"component":"firebase","environment":"production","level":"info","message":"Initializing from credentials file","operation":"firebase_admin_init","path":"/home/mike/Documents/firebase-veilnet-firebase-adminsdk-fbsvc-ab6e5cb14b.json","service":"highlaunchpad-api","source":"credentials_file","timestamp":"2025-08-04 05:46:42:4642","version":"1.0.0"}
{"component":"firebase","environment":"production","level":"info","message":"Attempting to initialize Firebase Admin","operation":"firebase_admin_init","service":"highlaunchpad-api","timestamp":"2025-08-04 05:46:42:4642","version":"1.0.0"}
{"component":"firebase","environment":"production","level":"info","message":"Initializing from credentials file","operation":"firebase_admin_init","path":"/home/mike/Documents/firebase-veilnet-firebase-adminsdk-fbsvc-ab6e5cb14b.json","service":"highlaunchpad-api","source":"credentials_file","timestamp":"2025-08-04 05:46:42:4642","version":"1.0.0"}
{"component":"firebase","environment":"production","level":"info","message":"Attempting to initialize Firebase Admin","operation":"firebase_admin_init","service":"highlaunchpad-api","timestamp":"2025-08-04 05:46:42:4642","version":"1.0.0"}
{"component":"firebase","environment":"production","level":"info","message":"Initializing from credentials file","operation":"firebase_admin_init","path":"/home/mike/Documents/firebase-veilnet-firebase-adminsdk-fbsvc-ab6e5cb14b.json","service":"highlaunchpad-api","source":"credentials_file","timestamp":"2025-08-04 05:46:42:4642","version":"1.0.0"}
{"environment":"production","level":"info","message":"Starting environment variable validation","service":"highlaunchpad-api","timestamp":"2025-08-04 05:46:43:4643","version":"1.0.0"}
{"environment":"production","level":"warn","message":"Production environment: JWT_SECRET not configured or too short. OAuth state manager will use fallback.","service":"highlaunchpad-api","timestamp":"2025-08-04 05:46:43:4643","version":"1.0.0"}
{"environment":"production","level":"warn","message":"Production environment: SESSION_SECRET not configured or too short.","service":"highlaunchpad-api","timestamp":"2025-08-04 05:46:43:4643","version":"1.0.0"}
{"environment":"production","level":"warn","message":"Production environment without Sentry monitoring configured","service":"highlaunchpad-api","timestamp":"2025-08-04 05:46:43:4643","version":"1.0.0"}
{"configuredServices":{"firebase":false,"monitoring":false,"oauth":{"facebook":true,"instagram":false,"linkedin":true,"twitter":true},"stripe":true},"duration":3,"environment":"production","level":"info","message":"Environment validation successful","service":"highlaunchpad-api","timestamp":"2025-08-04 05:46:43:4643","version":"1.0.0"}
{"component":"firebase","environment":"production","level":"info","message":"Attempting to initialize Firebase Admin","operation":"firebase_admin_init","service":"highlaunchpad-api","timestamp":"2025-08-04 05:46:43:4643","version":"1.0.0"}
{"component":"firebase","environment":"production","level":"info","message":"Initializing from credentials file","operation":"firebase_admin_init","path":"/home/mike/Documents/firebase-veilnet-firebase-adminsdk-fbsvc-ab6e5cb14b.json","service":"highlaunchpad-api","source":"credentials_file","timestamp":"2025-08-04 05:46:43:4643","version":"1.0.0"}
{"environment":"production","level":"info","message":"Starting environment variable validation","service":"highlaunchpad-api","timestamp":"2025-08-04 05:46:43:4643","version":"1.0.0"}
{"environment":"production","level":"warn","message":"Production environment: JWT_SECRET not configured or too short. OAuth state manager will use fallback.","service":"highlaunchpad-api","timestamp":"2025-08-04 05:46:43:4643","version":"1.0.0"}
{"environment":"production","level":"warn","message":"Production environment: SESSION_SECRET not configured or too short.","service":"highlaunchpad-api","timestamp":"2025-08-04 05:46:43:4643","version":"1.0.0"}
{"environment":"production","level":"warn","message":"Production environment without Sentry monitoring configured","service":"highlaunchpad-api","timestamp":"2025-08-04 05:46:43:4643","version":"1.0.0"}
{"configuredServices":{"firebase":false,"monitoring":false,"oauth":{"facebook":true,"instagram":false,"linkedin":true,"twitter":true},"stripe":true},"duration":2,"environment":"production","level":"info","message":"Environment validation successful","service":"highlaunchpad-api","timestamp":"2025-08-04 05:46:43:4643","version":"1.0.0"}
{"component":"firebase","environment":"production","level":"info","message":"Attempting to initialize Firebase Admin","operation":"firebase_admin_init","service":"highlaunchpad-api","timestamp":"2025-08-04 05:46:43:4643","version":"1.0.0"}
{"component":"firebase","environment":"production","level":"info","message":"Initializing from credentials file","operation":"firebase_admin_init","path":"/home/mike/Documents/firebase-veilnet-firebase-adminsdk-fbsvc-ab6e5cb14b.json","service":"highlaunchpad-api","source":"credentials_file","timestamp":"2025-08-04 05:46:43:4643","version":"1.0.0"}
{"component":"firebase","environment":"production","level":"info","message":"Attempting to initialize Firebase Admin","operation":"firebase_admin_init","service":"highlaunchpad-api","timestamp":"2025-08-04 05:46:43:4643","version":"1.0.0"}
{"component":"firebase","environment":"production","level":"info","message":"Initializing from credentials file","operation":"firebase_admin_init","path":"/home/mike/Documents/firebase-veilnet-firebase-adminsdk-fbsvc-ab6e5cb14b.json","service":"highlaunchpad-api","source":"credentials_file","timestamp":"2025-08-04 05:46:43:4643","version":"1.0.0"}
{"component":"firebase","environment":"production","level":"info","message":"Attempting to initialize Firebase Admin","operation":"firebase_admin_init","service":"highlaunchpad-api","timestamp":"2025-08-04 05:46:43:4643","version":"1.0.0"}
{"component":"firebase","environment":"production","level":"info","message":"Initializing from credentials file","operation":"firebase_admin_init","path":"/home/mike/Documents/firebase-veilnet-firebase-adminsdk-fbsvc-ab6e5cb14b.json","service":"highlaunchpad-api","source":"credentials_file","timestamp":"2025-08-04 05:46:43:4643","version":"1.0.0"}
{"component":"firebase","environment":"production","level":"info","message":"Attempting to initialize Firebase Admin","operation":"firebase_admin_init","service":"highlaunchpad-api","timestamp":"2025-08-04 05:46:43:4643","version":"1.0.0"}
{"component":"firebase","environment":"production","level":"info","message":"Initializing from credentials file","operation":"firebase_admin_init","path":"/home/mike/Documents/firebase-veilnet-firebase-adminsdk-fbsvc-ab6e5cb14b.json","service":"highlaunchpad-api","source":"credentials_file","timestamp":"2025-08-04 05:46:43:4643","version":"1.0.0"}
{"component":"firebase","environment":"production","level":"info","message":"Attempting to initialize Firebase Admin","operation":"firebase_admin_init","service":"highlaunchpad-api","timestamp":"2025-08-04 05:46:43:4643","version":"1.0.0"}
{"component":"firebase","environment":"production","level":"info","message":"Initializing from credentials file","operation":"firebase_admin_init","path":"/home/mike/Documents/firebase-veilnet-firebase-adminsdk-fbsvc-ab6e5cb14b.json","service":"highlaunchpad-api","source":"credentials_file","timestamp":"2025-08-04 05:46:43:4643","version":"1.0.0"}
{"component":"firebase","environment":"production","level":"info","message":"Attempting to initialize Firebase Admin","operation":"firebase_admin_init","service":"highlaunchpad-api","timestamp":"2025-08-04 05:46:43:4643","version":"1.0.0"}
{"component":"firebase","environment":"production","level":"info","message":"Initializing from credentials file","operation":"firebase_admin_init","path":"/home/mike/Documents/firebase-veilnet-firebase-adminsdk-fbsvc-ab6e5cb14b.json","service":"highlaunchpad-api","source":"credentials_file","timestamp":"2025-08-04 05:46:43:4643","version":"1.0.0"}
{"component":"firebase","environment":"production","level":"info","message":"Attempting to initialize Firebase Admin","operation":"firebase_admin_init","service":"highlaunchpad-api","timestamp":"2025-08-05 06:01:54:154","version":"1.0.0"}
{"component":"firebase","environment":"production","level":"info","message":"Initializing from credentials file","operation":"firebase_admin_init","path":"/home/mike/Documents/firebase-veilnet-firebase-adminsdk-fbsvc-ab6e5cb14b.json","service":"highlaunchpad-api","source":"credentials_file","timestamp":"2025-08-05 06:01:54:154","version":"1.0.0"}
{"component":"firebase","environment":"production","level":"info","message":"Attempting to initialize Firebase Admin","operation":"firebase_admin_init","service":"highlaunchpad-api","timestamp":"2025-08-05 06:01:54:154","version":"1.0.0"}
{"component":"firebase","environment":"production","level":"info","message":"Attempting to initialize Firebase Admin","operation":"firebase_admin_init","service":"highlaunchpad-api","timestamp":"2025-08-05 06:01:54:154","version":"1.0.0"}
{"component":"firebase","environment":"production","level":"info","message":"Initializing from credentials file","operation":"firebase_admin_init","path":"/home/mike/Documents/firebase-veilnet-firebase-adminsdk-fbsvc-ab6e5cb14b.json","service":"highlaunchpad-api","source":"credentials_file","timestamp":"2025-08-05 06:01:54:154","version":"1.0.0"}
{"environment":"production","level":"info","message":"Starting environment variable validation","service":"highlaunchpad-api","timestamp":"2025-08-05 06:01:54:154","version":"1.0.0"}
{"environment":"production","level":"warn","message":"Production environment: JWT_SECRET not configured or too short. OAuth state manager will use fallback.","service":"highlaunchpad-api","timestamp":"2025-08-05 06:01:54:154","version":"1.0.0"}
{"environment":"production","level":"warn","message":"Production environment: SESSION_SECRET not configured or too short.","service":"highlaunchpad-api","timestamp":"2025-08-05 06:01:54:154","version":"1.0.0"}
{"environment":"production","level":"warn","message":"Production environment without Sentry monitoring configured","service":"highlaunchpad-api","timestamp":"2025-08-05 06:01:54:154","version":"1.0.0"}
{"configuredServices":{"firebase":false,"monitoring":false,"oauth":{"facebook":true,"instagram":false,"linkedin":true,"twitter":true},"stripe":true},"duration":3,"environment":"production","level":"info","message":"Environment validation successful","service":"highlaunchpad-api","timestamp":"2025-08-05 06:01:54:154","version":"1.0.0"}
{"component":"firebase","environment":"production","level":"info","message":"Attempting to initialize Firebase Admin","operation":"firebase_admin_init","service":"highlaunchpad-api","timestamp":"2025-08-05 06:01:54:154","version":"1.0.0"}
{"component":"firebase","environment":"production","level":"info","message":"Attempting to initialize Firebase Admin","operation":"firebase_admin_init","service":"highlaunchpad-api","timestamp":"2025-08-05 06:01:54:154","version":"1.0.0"}
{"component":"firebase","environment":"production","level":"info","message":"Initializing from credentials file","operation":"firebase_admin_init","path":"/home/mike/Documents/firebase-veilnet-firebase-adminsdk-fbsvc-ab6e5cb14b.json","service":"highlaunchpad-api","source":"credentials_file","timestamp":"2025-08-05 06:01:54:154","version":"1.0.0"}
{"component":"firebase","environment":"production","level":"info","message":"Attempting to initialize Firebase Admin","operation":"firebase_admin_init","service":"highlaunchpad-api","timestamp":"2025-08-05 06:01:54:154","version":"1.0.0"}
{"component":"firebase","environment":"production","level":"info","message":"Initializing from credentials file","operation":"firebase_admin_init","path":"/home/mike/Documents/firebase-veilnet-firebase-adminsdk-fbsvc-ab6e5cb14b.json","service":"highlaunchpad-api","source":"credentials_file","timestamp":"2025-08-05 06:01:54:154","version":"1.0.0"}
{"environment":"production","level":"info","message":"Starting environment variable validation","service":"highlaunchpad-api","timestamp":"2025-08-05 06:01:54:154","version":"1.0.0"}
{"environment":"production","level":"warn","message":"Production environment: JWT_SECRET not configured or too short. OAuth state manager will use fallback.","service":"highlaunchpad-api","timestamp":"2025-08-05 06:01:54:154","version":"1.0.0"}
{"environment":"production","level":"warn","message":"Production environment: SESSION_SECRET not configured or too short.","service":"highlaunchpad-api","timestamp":"2025-08-05 06:01:54:154","version":"1.0.0"}
{"environment":"production","level":"warn","message":"Production environment without Sentry monitoring configured","service":"highlaunchpad-api","timestamp":"2025-08-05 06:01:54:154","version":"1.0.0"}
{"configuredServices":{"firebase":false,"monitoring":false,"oauth":{"facebook":true,"instagram":false,"linkedin":true,"twitter":true},"stripe":true},"duration":4,"environment":"production","level":"info","message":"Environment validation successful","service":"highlaunchpad-api","timestamp":"2025-08-05 06:01:54:154","version":"1.0.0"}
{"component":"firebase","environment":"production","level":"info","message":"Attempting to initialize Firebase Admin","operation":"firebase_admin_init","service":"highlaunchpad-api","timestamp":"2025-08-05 06:01:54:154","version":"1.0.0"}
{"component":"firebase","environment":"production","level":"info","message":"Initializing from credentials file","operation":"firebase_admin_init","path":"/home/mike/Documents/firebase-veilnet-firebase-adminsdk-fbsvc-ab6e5cb14b.json","service":"highlaunchpad-api","source":"credentials_file","timestamp":"2025-08-05 06:01:54:154","version":"1.0.0"}
{"component":"firebase","environment":"production","level":"info","message":"Initializing from credentials file","operation":"firebase_admin_init","path":"/home/mike/Documents/firebase-veilnet-firebase-adminsdk-fbsvc-ab6e5cb14b.json","service":"highlaunchpad-api","source":"credentials_file","timestamp":"2025-08-05 06:01:54:154","version":"1.0.0"}
{"component":"firebase","environment":"production","level":"info","message":"Initializing from credentials file","operation":"firebase_admin_init","path":"/home/mike/Documents/firebase-veilnet-firebase-adminsdk-fbsvc-ab6e5cb14b.json","service":"highlaunchpad-api","source":"credentials_file","timestamp":"2025-08-05 06:01:54:154","version":"1.0.0"}
{"component":"firebase","environment":"production","level":"info","message":"Attempting to initialize Firebase Admin","operation":"firebase_admin_init","service":"highlaunchpad-api","timestamp":"2025-08-05 06:01:54:154","version":"1.0.0"}
{"component":"firebase","environment":"production","level":"info","message":"Initializing from credentials file","operation":"firebase_admin_init","path":"/home/mike/Documents/firebase-veilnet-firebase-adminsdk-fbsvc-ab6e5cb14b.json","service":"highlaunchpad-api","source":"credentials_file","timestamp":"2025-08-05 06:01:54:154","version":"1.0.0"}
{"component":"firebase","environment":"production","level":"info","message":"Attempting to initialize Firebase Admin","operation":"firebase_admin_init","service":"highlaunchpad-api","timestamp":"2025-08-05 06:01:55:155","version":"1.0.0"}
{"component":"firebase","environment":"production","level":"info","message":"Initializing from credentials file","operation":"firebase_admin_init","path":"/home/mike/Documents/firebase-veilnet-firebase-adminsdk-fbsvc-ab6e5cb14b.json","service":"highlaunchpad-api","source":"credentials_file","timestamp":"2025-08-05 06:01:55:155","version":"1.0.0"}
{"component":"firebase","environment":"production","level":"info","message":"Attempting to initialize Firebase Admin","operation":"firebase_admin_init","service":"highlaunchpad-api","timestamp":"2025-08-05 06:01:55:155","version":"1.0.0"}
{"component":"firebase","environment":"production","level":"info","message":"Initializing from credentials file","operation":"firebase_admin_init","path":"/home/mike/Documents/firebase-veilnet-firebase-adminsdk-fbsvc-ab6e5cb14b.json","service":"highlaunchpad-api","source":"credentials_file","timestamp":"2025-08-05 06:01:55:155","version":"1.0.0"}
{"component":"firebase","environment":"production","level":"info","message":"Attempting to initialize Firebase Admin","operation":"firebase_admin_init","service":"highlaunchpad-api","timestamp":"2025-08-05 06:01:55:155","version":"1.0.0"}
{"component":"firebase","environment":"production","level":"info","message":"Initializing from credentials file","operation":"firebase_admin_init","path":"/home/mike/Documents/firebase-veilnet-firebase-adminsdk-fbsvc-ab6e5cb14b.json","service":"highlaunchpad-api","source":"credentials_file","timestamp":"2025-08-05 06:01:55:155","version":"1.0.0"}
{"component":"firebase","environment":"production","level":"info","message":"Attempting to initialize Firebase Admin","operation":"firebase_admin_init","service":"highlaunchpad-api","timestamp":"2025-08-05 06:01:55:155","version":"1.0.0"}
{"component":"firebase","environment":"production","level":"info","message":"Initializing from credentials file","operation":"firebase_admin_init","path":"/home/mike/Documents/firebase-veilnet-firebase-adminsdk-fbsvc-ab6e5cb14b.json","service":"highlaunchpad-api","source":"credentials_file","timestamp":"2025-08-05 06:01:55:155","version":"1.0.0"}
{"environment":"production","level":"info","message":"Starting environment variable validation","service":"highlaunchpad-api","timestamp":"2025-08-05 06:01:56:156","version":"1.0.0"}
{"environment":"production","level":"warn","message":"Production environment: JWT_SECRET not configured or too short. OAuth state manager will use fallback.","service":"highlaunchpad-api","timestamp":"2025-08-05 06:01:56:156","version":"1.0.0"}
{"environment":"production","level":"warn","message":"Production environment: SESSION_SECRET not configured or too short.","service":"highlaunchpad-api","timestamp":"2025-08-05 06:01:56:156","version":"1.0.0"}
{"environment":"production","level":"warn","message":"Production environment without Sentry monitoring configured","service":"highlaunchpad-api","timestamp":"2025-08-05 06:01:56:156","version":"1.0.0"}
{"configuredServices":{"firebase":false,"monitoring":false,"oauth":{"facebook":true,"instagram":false,"linkedin":true,"twitter":true},"stripe":true},"duration":3,"environment":"production","level":"info","message":"Environment validation successful","service":"highlaunchpad-api","timestamp":"2025-08-05 06:01:56:156","version":"1.0.0"}
{"environment":"production","level":"info","message":"Starting environment variable validation","service":"highlaunchpad-api","timestamp":"2025-08-05 06:01:56:156","version":"1.0.0"}
{"environment":"production","level":"info","message":"Starting environment variable validation","service":"highlaunchpad-api","timestamp":"2025-08-05 06:01:56:156","version":"1.0.0"}
{"environment":"production","level":"warn","message":"Production environment: JWT_SECRET not configured or too short. OAuth state manager will use fallback.","service":"highlaunchpad-api","timestamp":"2025-08-05 06:01:56:156","version":"1.0.0"}
{"environment":"production","level":"warn","message":"Production environment: SESSION_SECRET not configured or too short.","service":"highlaunchpad-api","timestamp":"2025-08-05 06:01:56:156","version":"1.0.0"}
{"environment":"production","level":"warn","message":"Production environment without Sentry monitoring configured","service":"highlaunchpad-api","timestamp":"2025-08-05 06:01:56:156","version":"1.0.0"}
{"configuredServices":{"firebase":false,"monitoring":false,"oauth":{"facebook":true,"instagram":false,"linkedin":true,"twitter":true},"stripe":true},"duration":3,"environment":"production","level":"info","message":"Environment validation successful","service":"highlaunchpad-api","timestamp":"2025-08-05 06:01:56:156","version":"1.0.0"}
{"environment":"production","level":"warn","message":"Production environment: JWT_SECRET not configured or too short. OAuth state manager will use fallback.","service":"highlaunchpad-api","timestamp":"2025-08-05 06:01:56:156","version":"1.0.0"}
{"environment":"production","level":"warn","message":"Production environment: SESSION_SECRET not configured or too short.","service":"highlaunchpad-api","timestamp":"2025-08-05 06:01:56:156","version":"1.0.0"}
{"environment":"production","level":"warn","message":"Production environment without Sentry monitoring configured","service":"highlaunchpad-api","timestamp":"2025-08-05 06:01:56:156","version":"1.0.0"}
{"configuredServices":{"firebase":false,"monitoring":false,"oauth":{"facebook":true,"instagram":false,"linkedin":true,"twitter":true},"stripe":true},"duration":2,"environment":"production","level":"info","message":"Environment validation successful","service":"highlaunchpad-api","timestamp":"2025-08-05 06:01:56:156","version":"1.0.0"}
{"component":"firebase","environment":"production","level":"info","message":"Attempting to initialize Firebase Admin","operation":"firebase_admin_init","service":"highlaunchpad-api","timestamp":"2025-08-05 06:01:56:156","version":"1.0.0"}
{"component":"firebase","environment":"production","level":"info","message":"Initializing from credentials file","operation":"firebase_admin_init","path":"/home/mike/Documents/firebase-veilnet-firebase-adminsdk-fbsvc-ab6e5cb14b.json","service":"highlaunchpad-api","source":"credentials_file","timestamp":"2025-08-05 06:01:56:156","version":"1.0.0"}
{"component":"firebase","environment":"production","level":"info","message":"Attempting to initialize Firebase Admin","operation":"firebase_admin_init","service":"highlaunchpad-api","timestamp":"2025-08-05 06:01:56:156","version":"1.0.0"}
{"component":"firebase","environment":"production","level":"info","message":"Initializing from credentials file","operation":"firebase_admin_init","path":"/home/mike/Documents/firebase-veilnet-firebase-adminsdk-fbsvc-ab6e5cb14b.json","service":"highlaunchpad-api","source":"credentials_file","timestamp":"2025-08-05 06:01:56:156","version":"1.0.0"}
{"component":"firebase","environment":"production","level":"info","message":"Attempting to initialize Firebase Admin","operation":"firebase_admin_init","service":"highlaunchpad-api","timestamp":"2025-08-05 06:01:56:156","version":"1.0.0"}
{"component":"firebase","environment":"production","level":"info","message":"Initializing from credentials file","operation":"firebase_admin_init","path":"/home/mike/Documents/firebase-veilnet-firebase-adminsdk-fbsvc-ab6e5cb14b.json","service":"highlaunchpad-api","source":"credentials_file","timestamp":"2025-08-05 06:01:56:156","version":"1.0.0"}
{"component":"firebase","environment":"production","level":"info","message":"Attempting to initialize Firebase Admin","operation":"firebase_admin_init","service":"highlaunchpad-api","timestamp":"2025-08-05 06:01:56:156","version":"1.0.0"}
{"component":"firebase","environment":"production","level":"info","message":"Initializing from credentials file","operation":"firebase_admin_init","path":"/home/mike/Documents/firebase-veilnet-firebase-adminsdk-fbsvc-ab6e5cb14b.json","service":"highlaunchpad-api","source":"credentials_file","timestamp":"2025-08-05 06:01:56:156","version":"1.0.0"}
{"component":"firebase","environment":"production","level":"info","message":"Attempting to initialize Firebase Admin","operation":"firebase_admin_init","service":"highlaunchpad-api","timestamp":"2025-08-05 06:01:56:156","version":"1.0.0"}
{"component":"firebase","environment":"production","level":"info","message":"Initializing from credentials file","operation":"firebase_admin_init","path":"/home/mike/Documents/firebase-veilnet-firebase-adminsdk-fbsvc-ab6e5cb14b.json","service":"highlaunchpad-api","source":"credentials_file","timestamp":"2025-08-05 06:01:56:156","version":"1.0.0"}
{"component":"firebase","environment":"production","level":"info","message":"Attempting to initialize Firebase Admin","operation":"firebase_admin_init","service":"highlaunchpad-api","timestamp":"2025-08-05 06:01:56:156","version":"1.0.0"}
{"component":"firebase","environment":"production","level":"info","message":"Initializing from credentials file","operation":"firebase_admin_init","path":"/home/mike/Documents/firebase-veilnet-firebase-adminsdk-fbsvc-ab6e5cb14b.json","service":"highlaunchpad-api","source":"credentials_file","timestamp":"2025-08-05 06:01:56:156","version":"1.0.0"}
{"component":"firebase","environment":"production","level":"info","message":"Attempting to initialize Firebase Admin","operation":"firebase_admin_init","service":"highlaunchpad-api","timestamp":"2025-08-05 07:31:57:3157","version":"1.0.0"}
{"component":"firebase","environment":"production","level":"info","message":"Initializing from credentials file","operation":"firebase_admin_init","path":"/home/mike/Documents/firebase-veilnet-firebase-adminsdk-fbsvc-ab6e5cb14b.json","service":"highlaunchpad-api","source":"credentials_file","timestamp":"2025-08-05 07:31:57:3157","version":"1.0.0"}
{"component":"firebase","environment":"production","level":"info","message":"Attempting to initialize Firebase Admin","operation":"firebase_admin_init","service":"highlaunchpad-api","timestamp":"2025-08-05 07:31:57:3157","version":"1.0.0"}
{"component":"firebase","environment":"production","level":"info","message":"Initializing from credentials file","operation":"firebase_admin_init","path":"/home/mike/Documents/firebase-veilnet-firebase-adminsdk-fbsvc-ab6e5cb14b.json","service":"highlaunchpad-api","source":"credentials_file","timestamp":"2025-08-05 07:31:57:3157","version":"1.0.0"}
{"component":"firebase","environment":"production","level":"info","message":"Attempting to initialize Firebase Admin","operation":"firebase_admin_init","service":"highlaunchpad-api","timestamp":"2025-08-05 07:31:57:3157","version":"1.0.0"}
{"component":"firebase","environment":"production","level":"info","message":"Initializing from credentials file","operation":"firebase_admin_init","path":"/home/mike/Documents/firebase-veilnet-firebase-adminsdk-fbsvc-ab6e5cb14b.json","service":"highlaunchpad-api","source":"credentials_file","timestamp":"2025-08-05 07:31:57:3157","version":"1.0.0"}
{"component":"firebase","environment":"production","level":"info","message":"Attempting to initialize Firebase Admin","operation":"firebase_admin_init","service":"highlaunchpad-api","timestamp":"2025-08-05 07:31:57:3157","version":"1.0.0"}
{"component":"firebase","environment":"production","level":"info","message":"Initializing from credentials file","operation":"firebase_admin_init","path":"/home/mike/Documents/firebase-veilnet-firebase-adminsdk-fbsvc-ab6e5cb14b.json","service":"highlaunchpad-api","source":"credentials_file","timestamp":"2025-08-05 07:31:57:3157","version":"1.0.0"}
{"component":"firebase","environment":"production","level":"info","message":"Attempting to initialize Firebase Admin","operation":"firebase_admin_init","service":"highlaunchpad-api","timestamp":"2025-08-05 07:31:57:3157","version":"1.0.0"}
{"component":"firebase","environment":"production","level":"info","message":"Initializing from credentials file","operation":"firebase_admin_init","path":"/home/mike/Documents/firebase-veilnet-firebase-adminsdk-fbsvc-ab6e5cb14b.json","service":"highlaunchpad-api","source":"credentials_file","timestamp":"2025-08-05 07:31:57:3157","version":"1.0.0"}
{"component":"firebase","environment":"production","level":"info","message":"Attempting to initialize Firebase Admin","operation":"firebase_admin_init","service":"highlaunchpad-api","timestamp":"2025-08-05 07:33:59:3359","version":"1.0.0"}
{"component":"firebase","environment":"production","level":"info","message":"Initializing from credentials file","operation":"firebase_admin_init","path":"/home/mike/Documents/firebase-veilnet-firebase-adminsdk-fbsvc-ab6e5cb14b.json","service":"highlaunchpad-api","source":"credentials_file","timestamp":"2025-08-05 07:33:59:3359","version":"1.0.0"}
{"component":"firebase","environment":"production","level":"info","message":"Attempting to initialize Firebase Admin","operation":"firebase_admin_init","service":"highlaunchpad-api","timestamp":"2025-08-05 07:33:59:3359","version":"1.0.0"}
{"component":"firebase","environment":"production","level":"info","message":"Initializing from credentials file","operation":"firebase_admin_init","path":"/home/mike/Documents/firebase-veilnet-firebase-adminsdk-fbsvc-ab6e5cb14b.json","service":"highlaunchpad-api","source":"credentials_file","timestamp":"2025-08-05 07:33:59:3359","version":"1.0.0"}
{"component":"firebase","environment":"production","level":"info","message":"Attempting to initialize Firebase Admin","operation":"firebase_admin_init","service":"highlaunchpad-api","timestamp":"2025-08-05 07:33:59:3359","version":"1.0.0"}
{"component":"firebase","environment":"production","level":"info","message":"Initializing from credentials file","operation":"firebase_admin_init","path":"/home/mike/Documents/firebase-veilnet-firebase-adminsdk-fbsvc-ab6e5cb14b.json","service":"highlaunchpad-api","source":"credentials_file","timestamp":"2025-08-05 07:33:59:3359","version":"1.0.0"}
{"component":"firebase","environment":"production","level":"info","message":"Attempting to initialize Firebase Admin","operation":"firebase_admin_init","service":"highlaunchpad-api","timestamp":"2025-08-05 07:33:59:3359","version":"1.0.0"}
{"component":"firebase","environment":"production","level":"info","message":"Initializing from credentials file","operation":"firebase_admin_init","path":"/home/mike/Documents/firebase-veilnet-firebase-adminsdk-fbsvc-ab6e5cb14b.json","service":"highlaunchpad-api","source":"credentials_file","timestamp":"2025-08-05 07:33:59:3359","version":"1.0.0"}
{"component":"firebase","environment":"production","level":"info","message":"Attempting to initialize Firebase Admin","operation":"firebase_admin_init","service":"highlaunchpad-api","timestamp":"2025-08-05 07:33:59:3359","version":"1.0.0"}
{"component":"firebase","environment":"production","level":"info","message":"Initializing from credentials file","operation":"firebase_admin_init","path":"/home/mike/Documents/firebase-veilnet-firebase-adminsdk-fbsvc-ab6e5cb14b.json","service":"highlaunchpad-api","source":"credentials_file","timestamp":"2025-08-05 07:33:59:3359","version":"1.0.0"}
{"component":"firebase","environment":"production","level":"info","message":"Attempting to initialize Firebase Admin","operation":"firebase_admin_init","service":"highlaunchpad-api","timestamp":"2025-08-05 07:33:59:3359","version":"1.0.0"}
{"component":"firebase","environment":"production","level":"info","message":"Initializing from credentials file","operation":"firebase_admin_init","path":"/home/mike/Documents/firebase-veilnet-firebase-adminsdk-fbsvc-ab6e5cb14b.json","service":"highlaunchpad-api","source":"credentials_file","timestamp":"2025-08-05 07:33:59:3359","version":"1.0.0"}
{"component":"firebase","environment":"production","level":"info","message":"Attempting to initialize Firebase Admin","operation":"firebase_admin_init","service":"highlaunchpad-api","timestamp":"2025-08-05 07:33:59:3359","version":"1.0.0"}
{"component":"firebase","environment":"production","level":"info","message":"Initializing from credentials file","operation":"firebase_admin_init","path":"/home/mike/Documents/firebase-veilnet-firebase-adminsdk-fbsvc-ab6e5cb14b.json","service":"highlaunchpad-api","source":"credentials_file","timestamp":"2025-08-05 07:33:59:3359","version":"1.0.0"}
{"component":"firebase","environment":"production","level":"info","message":"Attempting to initialize Firebase Admin","operation":"firebase_admin_init","service":"highlaunchpad-api","timestamp":"2025-08-05 07:33:59:3359","version":"1.0.0"}
{"component":"firebase","environment":"production","level":"info","message":"Initializing from credentials file","operation":"firebase_admin_init","path":"/home/mike/Documents/firebase-veilnet-firebase-adminsdk-fbsvc-ab6e5cb14b.json","service":"highlaunchpad-api","source":"credentials_file","timestamp":"2025-08-05 07:33:59:3359","version":"1.0.0"}
{"component":"firebase","environment":"production","level":"info","message":"Attempting to initialize Firebase Admin","operation":"firebase_admin_init","service":"highlaunchpad-api","timestamp":"2025-08-05 07:35:12:3512","version":"1.0.0"}
{"component":"firebase","environment":"production","level":"info","message":"Initializing from credentials file","operation":"firebase_admin_init","path":"/home/mike/Documents/firebase-veilnet-firebase-adminsdk-fbsvc-ab6e5cb14b.json","service":"highlaunchpad-api","source":"credentials_file","timestamp":"2025-08-05 07:35:12:3512","version":"1.0.0"}
{"component":"firebase","environment":"production","level":"info","message":"Attempting to initialize Firebase Admin","operation":"firebase_admin_init","service":"highlaunchpad-api","timestamp":"2025-08-05 07:35:12:3512","version":"1.0.0"}
{"component":"firebase","environment":"production","level":"info","message":"Initializing from credentials file","operation":"firebase_admin_init","path":"/home/mike/Documents/firebase-veilnet-firebase-adminsdk-fbsvc-ab6e5cb14b.json","service":"highlaunchpad-api","source":"credentials_file","timestamp":"2025-08-05 07:35:12:3512","version":"1.0.0"}
{"component":"firebase","environment":"production","level":"info","message":"Attempting to initialize Firebase Admin","operation":"firebase_admin_init","service":"highlaunchpad-api","timestamp":"2025-08-05 07:35:12:3512","version":"1.0.0"}
{"component":"firebase","environment":"production","level":"info","message":"Initializing from credentials file","operation":"firebase_admin_init","path":"/home/mike/Documents/firebase-veilnet-firebase-adminsdk-fbsvc-ab6e5cb14b.json","service":"highlaunchpad-api","source":"credentials_file","timestamp":"2025-08-05 07:35:12:3512","version":"1.0.0"}
{"component":"firebase","environment":"production","level":"info","message":"Attempting to initialize Firebase Admin","operation":"firebase_admin_init","service":"highlaunchpad-api","timestamp":"2025-08-05 07:44:42:4442","version":"1.0.0"}
{"component":"firebase","environment":"production","level":"info","message":"Attempting to initialize Firebase Admin","operation":"firebase_admin_init","service":"highlaunchpad-api","timestamp":"2025-08-05 07:44:42:4442","version":"1.0.0"}
{"component":"firebase","environment":"production","level":"info","message":"Initializing from credentials file","operation":"firebase_admin_init","path":"/home/mike/Documents/firebase-veilnet-firebase-adminsdk-fbsvc-ab6e5cb14b.json","service":"highlaunchpad-api","source":"credentials_file","timestamp":"2025-08-05 07:44:42:4442","version":"1.0.0"}
{"component":"firebase","environment":"production","level":"info","message":"Attempting to initialize Firebase Admin","operation":"firebase_admin_init","service":"highlaunchpad-api","timestamp":"2025-08-05 07:44:42:4442","version":"1.0.0"}
{"component":"firebase","environment":"production","level":"info","message":"Attempting to initialize Firebase Admin","operation":"firebase_admin_init","service":"highlaunchpad-api","timestamp":"2025-08-05 07:44:42:4442","version":"1.0.0"}
{"component":"firebase","environment":"production","level":"info","message":"Initializing from credentials file","operation":"firebase_admin_init","path":"/home/mike/Documents/firebase-veilnet-firebase-adminsdk-fbsvc-ab6e5cb14b.json","service":"highlaunchpad-api","source":"credentials_file","timestamp":"2025-08-05 07:44:42:4442","version":"1.0.0"}
{"component":"firebase","environment":"production","level":"info","message":"Initializing from credentials file","operation":"firebase_admin_init","path":"/home/mike/Documents/firebase-veilnet-firebase-adminsdk-fbsvc-ab6e5cb14b.json","service":"highlaunchpad-api","source":"credentials_file","timestamp":"2025-08-05 07:44:42:4442","version":"1.0.0"}
{"component":"firebase","environment":"production","level":"info","message":"Attempting to initialize Firebase Admin","operation":"firebase_admin_init","service":"highlaunchpad-api","timestamp":"2025-08-05 07:47:48:4748","version":"1.0.0"}
{"component":"firebase","environment":"production","level":"info","message":"Initializing from credentials file","operation":"firebase_admin_init","path":"/home/mike/Documents/firebase-veilnet-firebase-adminsdk-fbsvc-ab6e5cb14b.json","service":"highlaunchpad-api","source":"credentials_file","timestamp":"2025-08-05 07:47:48:4748","version":"1.0.0"}
{"component":"firebase","environment":"production","level":"info","message":"Attempting to initialize Firebase Admin","operation":"firebase_admin_init","service":"highlaunchpad-api","timestamp":"2025-08-05 07:47:48:4748","version":"1.0.0"}
{"component":"firebase","environment":"production","level":"info","message":"Initializing from credentials file","operation":"firebase_admin_init","path":"/home/mike/Documents/firebase-veilnet-firebase-adminsdk-fbsvc-ab6e5cb14b.json","service":"highlaunchpad-api","source":"credentials_file","timestamp":"2025-08-05 07:47:48:4748","version":"1.0.0"}
{"component":"firebase","environment":"production","level":"info","message":"Attempting to initialize Firebase Admin","operation":"firebase_admin_init","service":"highlaunchpad-api","timestamp":"2025-08-05 07:53:31:5331","version":"1.0.0"}
{"component":"firebase","environment":"production","level":"info","message":"Attempting to initialize Firebase Admin","operation":"firebase_admin_init","service":"highlaunchpad-api","timestamp":"2025-08-05 07:53:31:5331","version":"1.0.0"}
{"component":"firebase","environment":"production","level":"info","message":"Attempting to initialize Firebase Admin","operation":"firebase_admin_init","service":"highlaunchpad-api","timestamp":"2025-08-05 07:53:31:5331","version":"1.0.0"}
{"component":"firebase","environment":"production","level":"info","message":"Initializing from credentials file","operation":"firebase_admin_init","path":"/home/mike/Documents/firebase-veilnet-firebase-adminsdk-fbsvc-ab6e5cb14b.json","service":"highlaunchpad-api","source":"credentials_file","timestamp":"2025-08-05 07:53:31:5331","version":"1.0.0"}
{"component":"firebase","environment":"production","level":"info","message":"Attempting to initialize Firebase Admin","operation":"firebase_admin_init","service":"highlaunchpad-api","timestamp":"2025-08-05 07:53:31:5331","version":"1.0.0"}
{"component":"firebase","environment":"production","level":"info","message":"Initializing from credentials file","operation":"firebase_admin_init","path":"/home/mike/Documents/firebase-veilnet-firebase-adminsdk-fbsvc-ab6e5cb14b.json","service":"highlaunchpad-api","source":"credentials_file","timestamp":"2025-08-05 07:53:31:5331","version":"1.0.0"}
{"component":"firebase","environment":"production","level":"info","message":"Attempting to initialize Firebase Admin","operation":"firebase_admin_init","service":"highlaunchpad-api","timestamp":"2025-08-05 07:53:31:5331","version":"1.0.0"}
{"component":"firebase","environment":"production","level":"info","message":"Initializing from credentials file","operation":"firebase_admin_init","path":"/home/mike/Documents/firebase-veilnet-firebase-adminsdk-fbsvc-ab6e5cb14b.json","service":"highlaunchpad-api","source":"credentials_file","timestamp":"2025-08-05 07:53:31:5331","version":"1.0.0"}
{"component":"firebase","environment":"production","level":"info","message":"Attempting to initialize Firebase Admin","operation":"firebase_admin_init","service":"highlaunchpad-api","timestamp":"2025-08-05 07:54:48:5448","version":"1.0.0"}
{"component":"firebase","environment":"production","level":"info","message":"Attempting to initialize Firebase Admin","operation":"firebase_admin_init","service":"highlaunchpad-api","timestamp":"2025-08-05 07:54:48:5448","version":"1.0.0"}
{"component":"firebase","environment":"production","level":"info","message":"Initializing from credentials file","operation":"firebase_admin_init","path":"/home/mike/Documents/firebase-veilnet-firebase-adminsdk-fbsvc-ab6e5cb14b.json","service":"highlaunchpad-api","source":"credentials_file","timestamp":"2025-08-05 07:54:48:5448","version":"1.0.0"}
{"component":"firebase","environment":"production","level":"info","message":"Attempting to initialize Firebase Admin","operation":"firebase_admin_init","service":"highlaunchpad-api","timestamp":"2025-08-05 07:55:51:5551","version":"1.0.0"}
{"component":"firebase","environment":"production","level":"info","message":"Initializing from credentials file","operation":"firebase_admin_init","path":"/home/mike/Documents/firebase-veilnet-firebase-adminsdk-fbsvc-ab6e5cb14b.json","service":"highlaunchpad-api","source":"credentials_file","timestamp":"2025-08-05 07:55:51:5551","version":"1.0.0"}
{"component":"firebase","environment":"production","level":"info","message":"Attempting to initialize Firebase Admin","operation":"firebase_admin_init","service":"highlaunchpad-api","timestamp":"2025-08-06 12:29:42:2942","version":"1.0.0"}
{"component":"firebase","environment":"production","level":"info","message":"Initializing from credentials file","operation":"firebase_admin_init","path":"/home/mike/Documents/firebase-veilnet-firebase-adminsdk-fbsvc-ab6e5cb14b.json","service":"highlaunchpad-api","source":"credentials_file","timestamp":"2025-08-06 12:29:42:2942","version":"1.0.0"}
{"component":"firebase","environment":"production","level":"info","message":"Attempting to initialize Firebase Admin","operation":"firebase_admin_init","service":"highlaunchpad-api","timestamp":"2025-08-06 12:29:42:2942","version":"1.0.0"}
{"component":"firebase","environment":"production","level":"info","message":"Attempting to initialize Firebase Admin","operation":"firebase_admin_init","service":"highlaunchpad-api","timestamp":"2025-08-06 12:29:42:2942","version":"1.0.0"}
{"component":"firebase","environment":"production","level":"info","message":"Initializing from credentials file","operation":"firebase_admin_init","path":"/home/mike/Documents/firebase-veilnet-firebase-adminsdk-fbsvc-ab6e5cb14b.json","service":"highlaunchpad-api","source":"credentials_file","timestamp":"2025-08-06 12:29:42:2942","version":"1.0.0"}
{"component":"firebase","environment":"production","level":"info","message":"Attempting to initialize Firebase Admin","operation":"firebase_admin_init","service":"highlaunchpad-api","timestamp":"2025-08-06 12:29:42:2942","version":"1.0.0"}
{"component":"firebase","environment":"production","level":"info","message":"Initializing from credentials file","operation":"firebase_admin_init","path":"/home/mike/Documents/firebase-veilnet-firebase-adminsdk-fbsvc-ab6e5cb14b.json","service":"highlaunchpad-api","source":"credentials_file","timestamp":"2025-08-06 12:29:42:2942","version":"1.0.0"}
{"component":"firebase","environment":"production","level":"info","message":"Attempting to initialize Firebase Admin","operation":"firebase_admin_init","service":"highlaunchpad-api","timestamp":"2025-08-06 12:29:42:2942","version":"1.0.0"}
{"environment":"production","level":"info","message":"Starting environment variable validation","service":"highlaunchpad-api","timestamp":"2025-08-06 12:29:43:2943","version":"1.0.0"}
{"environment":"production","level":"warn","message":"Production environment: JWT_SECRET not configured or too short. OAuth state manager will use fallback.","service":"highlaunchpad-api","timestamp":"2025-08-06 12:29:43:2943","version":"1.0.0"}
{"environment":"production","level":"warn","message":"Production environment: SESSION_SECRET not configured or too short.","service":"highlaunchpad-api","timestamp":"2025-08-06 12:29:43:2943","version":"1.0.0"}
{"environment":"production","level":"warn","message":"Production environment without Sentry monitoring configured","service":"highlaunchpad-api","timestamp":"2025-08-06 12:29:43:2943","version":"1.0.0"}
{"configuredServices":{"firebase":false,"monitoring":false,"oauth":{"facebook":true,"instagram":false,"linkedin":true,"twitter":true},"stripe":true},"duration":3,"environment":"production","level":"info","message":"Environment validation successful","service":"highlaunchpad-api","timestamp":"2025-08-06 12:29:43:2943","version":"1.0.0"}
{"component":"firebase","environment":"production","level":"info","message":"Attempting to initialize Firebase Admin","operation":"firebase_admin_init","service":"highlaunchpad-api","timestamp":"2025-08-06 12:29:42:2942","version":"1.0.0"}
{"component":"firebase","environment":"production","level":"info","message":"Initializing from credentials file","operation":"firebase_admin_init","path":"/home/mike/Documents/firebase-veilnet-firebase-adminsdk-fbsvc-ab6e5cb14b.json","service":"highlaunchpad-api","source":"credentials_file","timestamp":"2025-08-06 12:29:42:2942","version":"1.0.0"}
{"environment":"production","level":"info","message":"Starting environment variable validation","service":"highlaunchpad-api","timestamp":"2025-08-06 12:29:43:2943","version":"1.0.0"}
{"environment":"production","level":"warn","message":"Production environment: JWT_SECRET not configured or too short. OAuth state manager will use fallback.","service":"highlaunchpad-api","timestamp":"2025-08-06 12:29:43:2943","version":"1.0.0"}
{"environment":"production","level":"warn","message":"Production environment: SESSION_SECRET not configured or too short.","service":"highlaunchpad-api","timestamp":"2025-08-06 12:29:43:2943","version":"1.0.0"}
{"environment":"production","level":"warn","message":"Production environment without Sentry monitoring configured","service":"highlaunchpad-api","timestamp":"2025-08-06 12:29:43:2943","version":"1.0.0"}
{"configuredServices":{"firebase":false,"monitoring":false,"oauth":{"facebook":true,"instagram":false,"linkedin":true,"twitter":true},"stripe":true},"duration":5,"environment":"production","level":"info","message":"Environment validation successful","service":"highlaunchpad-api","timestamp":"2025-08-06 12:29:43:2943","version":"1.0.0"}
{"component":"firebase","environment":"production","level":"info","message":"Initializing from credentials file","operation":"firebase_admin_init","path":"/home/mike/Documents/firebase-veilnet-firebase-adminsdk-fbsvc-ab6e5cb14b.json","service":"highlaunchpad-api","source":"credentials_file","timestamp":"2025-08-06 12:29:42:2942","version":"1.0.0"}
{"component":"firebase","environment":"production","level":"info","message":"Attempting to initialize Firebase Admin","operation":"firebase_admin_init","service":"highlaunchpad-api","timestamp":"2025-08-06 12:29:42:2942","version":"1.0.0"}
{"component":"firebase","environment":"production","level":"info","message":"Initializing from credentials file","operation":"firebase_admin_init","path":"/home/mike/Documents/firebase-veilnet-firebase-adminsdk-fbsvc-ab6e5cb14b.json","service":"highlaunchpad-api","source":"credentials_file","timestamp":"2025-08-06 12:29:42:2942","version":"1.0.0"}
{"component":"firebase","environment":"production","level":"info","message":"Attempting to initialize Firebase Admin","operation":"firebase_admin_init","service":"highlaunchpad-api","timestamp":"2025-08-06 12:29:42:2942","version":"1.0.0"}
{"component":"firebase","environment":"production","level":"info","message":"Initializing from credentials file","operation":"firebase_admin_init","path":"/home/mike/Documents/firebase-veilnet-firebase-adminsdk-fbsvc-ab6e5cb14b.json","service":"highlaunchpad-api","source":"credentials_file","timestamp":"2025-08-06 12:29:42:2942","version":"1.0.0"}
{"component":"firebase","environment":"production","level":"info","message":"Attempting to initialize Firebase Admin","operation":"firebase_admin_init","service":"highlaunchpad-api","timestamp":"2025-08-06 12:29:42:2942","version":"1.0.0"}
{"component":"firebase","environment":"production","level":"info","message":"Initializing from credentials file","operation":"firebase_admin_init","path":"/home/mike/Documents/firebase-veilnet-firebase-adminsdk-fbsvc-ab6e5cb14b.json","service":"highlaunchpad-api","source":"credentials_file","timestamp":"2025-08-06 12:29:42:2942","version":"1.0.0"}
{"component":"firebase","environment":"production","level":"info","message":"Attempting to initialize Firebase Admin","operation":"firebase_admin_init","service":"highlaunchpad-api","timestamp":"2025-08-06 12:29:42:2942","version":"1.0.0"}
{"component":"firebase","environment":"production","level":"info","message":"Initializing from credentials file","operation":"firebase_admin_init","path":"/home/mike/Documents/firebase-veilnet-firebase-adminsdk-fbsvc-ab6e5cb14b.json","service":"highlaunchpad-api","source":"credentials_file","timestamp":"2025-08-06 12:29:42:2942","version":"1.0.0"}
{"component":"firebase","environment":"production","level":"info","message":"Attempting to initialize Firebase Admin","operation":"firebase_admin_init","service":"highlaunchpad-api","timestamp":"2025-08-06 12:29:42:2942","version":"1.0.0"}
{"component":"firebase","environment":"production","level":"info","message":"Initializing from credentials file","operation":"firebase_admin_init","path":"/home/mike/Documents/firebase-veilnet-firebase-adminsdk-fbsvc-ab6e5cb14b.json","service":"highlaunchpad-api","source":"credentials_file","timestamp":"2025-08-06 12:29:42:2942","version":"1.0.0"}
{"component":"firebase","environment":"production","level":"info","message":"Attempting to initialize Firebase Admin","operation":"firebase_admin_init","service":"highlaunchpad-api","timestamp":"2025-08-06 12:29:42:2942","version":"1.0.0"}
{"component":"firebase","environment":"production","level":"info","message":"Initializing from credentials file","operation":"firebase_admin_init","path":"/home/mike/Documents/firebase-veilnet-firebase-adminsdk-fbsvc-ab6e5cb14b.json","service":"highlaunchpad-api","source":"credentials_file","timestamp":"2025-08-06 12:29:42:2942","version":"1.0.0"}
{"component":"firebase","environment":"production","level":"info","message":"Attempting to initialize Firebase Admin","operation":"firebase_admin_init","service":"highlaunchpad-api","timestamp":"2025-08-06 12:29:42:2942","version":"1.0.0"}
{"component":"firebase","environment":"production","level":"info","message":"Initializing from credentials file","operation":"firebase_admin_init","path":"/home/mike/Documents/firebase-veilnet-firebase-adminsdk-fbsvc-ab6e5cb14b.json","service":"highlaunchpad-api","source":"credentials_file","timestamp":"2025-08-06 12:29:42:2942","version":"1.0.0"}
{"component":"firebase","environment":"production","level":"info","message":"Attempting to initialize Firebase Admin","operation":"firebase_admin_init","service":"highlaunchpad-api","timestamp":"2025-08-06 12:29:42:2942","version":"1.0.0"}
{"component":"firebase","environment":"production","level":"info","message":"Initializing from credentials file","operation":"firebase_admin_init","path":"/home/mike/Documents/firebase-veilnet-firebase-adminsdk-fbsvc-ab6e5cb14b.json","service":"highlaunchpad-api","source":"credentials_file","timestamp":"2025-08-06 12:29:42:2942","version":"1.0.0"}
{"component":"firebase","environment":"production","level":"info","message":"Attempting to initialize Firebase Admin","operation":"firebase_admin_init","service":"highlaunchpad-api","timestamp":"2025-08-06 12:29:42:2942","version":"1.0.0"}
{"component":"firebase","environment":"production","level":"info","message":"Initializing from credentials file","operation":"firebase_admin_init","path":"/home/mike/Documents/firebase-veilnet-firebase-adminsdk-fbsvc-ab6e5cb14b.json","service":"highlaunchpad-api","source":"credentials_file","timestamp":"2025-08-06 12:29:42:2942","version":"1.0.0"}
{"component":"firebase","environment":"production","level":"info","message":"Attempting to initialize Firebase Admin","operation":"firebase_admin_init","service":"highlaunchpad-api","timestamp":"2025-08-06 12:29:43:2943","version":"1.0.0"}
{"component":"firebase","environment":"production","level":"info","message":"Initializing from credentials file","operation":"firebase_admin_init","path":"/home/mike/Documents/firebase-veilnet-firebase-adminsdk-fbsvc-ab6e5cb14b.json","service":"highlaunchpad-api","source":"credentials_file","timestamp":"2025-08-06 12:29:43:2943","version":"1.0.0"}
{"component":"firebase","environment":"production","level":"info","message":"Initializing from credentials file","operation":"firebase_admin_init","path":"/home/mike/Documents/firebase-veilnet-firebase-adminsdk-fbsvc-ab6e5cb14b.json","service":"highlaunchpad-api","source":"credentials_file","timestamp":"2025-08-06 12:29:42:2942","version":"1.0.0"}
{"component":"firebase","environment":"production","level":"info","message":"Attempting to initialize Firebase Admin","operation":"firebase_admin_init","service":"highlaunchpad-api","timestamp":"2025-08-06 12:29:44:2944","version":"1.0.0"}
{"component":"firebase","environment":"production","level":"info","message":"Initializing from credentials file","operation":"firebase_admin_init","path":"/home/mike/Documents/firebase-veilnet-firebase-adminsdk-fbsvc-ab6e5cb14b.json","service":"highlaunchpad-api","source":"credentials_file","timestamp":"2025-08-06 12:29:44:2944","version":"1.0.0"}
{"environment":"production","level":"info","message":"Starting environment variable validation","service":"highlaunchpad-api","timestamp":"2025-08-06 12:29:44:2944","version":"1.0.0"}
{"environment":"production","level":"info","message":"Starting environment variable validation","service":"highlaunchpad-api","timestamp":"2025-08-06 12:29:44:2944","version":"1.0.0"}
{"environment":"production","level":"warn","message":"Production environment: JWT_SECRET not configured or too short. OAuth state manager will use fallback.","service":"highlaunchpad-api","timestamp":"2025-08-06 12:29:44:2944","version":"1.0.0"}
{"environment":"production","level":"warn","message":"Production environment: SESSION_SECRET not configured or too short.","service":"highlaunchpad-api","timestamp":"2025-08-06 12:29:44:2944","version":"1.0.0"}
{"environment":"production","level":"warn","message":"Production environment without Sentry monitoring configured","service":"highlaunchpad-api","timestamp":"2025-08-06 12:29:44:2944","version":"1.0.0"}
{"configuredServices":{"firebase":false,"monitoring":false,"oauth":{"facebook":true,"instagram":false,"linkedin":true,"twitter":true},"stripe":true},"duration":1,"environment":"production","level":"info","message":"Environment validation successful","service":"highlaunchpad-api","timestamp":"2025-08-06 12:29:44:2944","version":"1.0.0"}
{"environment":"production","level":"warn","message":"Production environment: JWT_SECRET not configured or too short. OAuth state manager will use fallback.","service":"highlaunchpad-api","timestamp":"2025-08-06 12:29:44:2944","version":"1.0.0"}
{"environment":"production","level":"warn","message":"Production environment: SESSION_SECRET not configured or too short.","service":"highlaunchpad-api","timestamp":"2025-08-06 12:29:44:2944","version":"1.0.0"}
{"environment":"production","level":"warn","message":"Production environment without Sentry monitoring configured","service":"highlaunchpad-api","timestamp":"2025-08-06 12:29:44:2944","version":"1.0.0"}
{"configuredServices":{"firebase":false,"monitoring":false,"oauth":{"facebook":true,"instagram":false,"linkedin":true,"twitter":true},"stripe":true},"duration":2,"environment":"production","level":"info","message":"Environment validation successful","service":"highlaunchpad-api","timestamp":"2025-08-06 12:29:44:2944","version":"1.0.0"}
{"component":"firebase","environment":"production","level":"info","message":"Attempting to initialize Firebase Admin","operation":"firebase_admin_init","service":"highlaunchpad-api","timestamp":"2025-08-06 12:29:44:2944","version":"1.0.0"}
{"component":"firebase","environment":"production","level":"info","message":"Initializing from credentials file","operation":"firebase_admin_init","path":"/home/mike/Documents/firebase-veilnet-firebase-adminsdk-fbsvc-ab6e5cb14b.json","service":"highlaunchpad-api","source":"credentials_file","timestamp":"2025-08-06 12:29:44:2944","version":"1.0.0"}
{"component":"firebase","environment":"production","level":"info","message":"Attempting to initialize Firebase Admin","operation":"firebase_admin_init","service":"highlaunchpad-api","timestamp":"2025-08-06 23:24:19:2419","version":"1.0.0"}
{"component":"firebase","environment":"production","level":"info","message":"Attempting to initialize Firebase Admin","operation":"firebase_admin_init","service":"highlaunchpad-api","timestamp":"2025-08-06 23:24:19:2419","version":"1.0.0"}
{"component":"firebase","environment":"production","level":"info","message":"Initializing from credentials file","operation":"firebase_admin_init","path":"/home/mike/Documents/firebase-veilnet-firebase-adminsdk-fbsvc-ab6e5cb14b.json","service":"highlaunchpad-api","source":"credentials_file","timestamp":"2025-08-06 23:24:19:2419","version":"1.0.0"}
{"component":"firebase","environment":"production","level":"info","message":"Attempting to initialize Firebase Admin","operation":"firebase_admin_init","service":"highlaunchpad-api","timestamp":"2025-08-06 23:24:19:2419","version":"1.0.0"}
{"component":"firebase","environment":"production","level":"info","message":"Initializing from credentials file","operation":"firebase_admin_init","path":"/home/mike/Documents/firebase-veilnet-firebase-adminsdk-fbsvc-ab6e5cb14b.json","service":"highlaunchpad-api","source":"credentials_file","timestamp":"2025-08-06 23:24:19:2419","version":"1.0.0"}
{"environment":"production","level":"info","message":"Starting environment variable validation","service":"highlaunchpad-api","timestamp":"2025-08-06 23:24:19:2419","version":"1.0.0"}
{"component":"firebase","environment":"production","level":"info","message":"Attempting to initialize Firebase Admin","operation":"firebase_admin_init","service":"highlaunchpad-api","timestamp":"2025-08-06 23:24:19:2419","version":"1.0.0"}
{"environment":"production","level":"warn","message":"Production environment: JWT_SECRET not configured or too short. OAuth state manager will use fallback.","service":"highlaunchpad-api","timestamp":"2025-08-06 23:24:19:2419","version":"1.0.0"}
{"environment":"production","level":"warn","message":"Production environment: SESSION_SECRET not configured or too short.","service":"highlaunchpad-api","timestamp":"2025-08-06 23:24:19:2419","version":"1.0.0"}
{"environment":"production","level":"warn","message":"Production environment without Sentry monitoring configured","service":"highlaunchpad-api","timestamp":"2025-08-06 23:24:19:2419","version":"1.0.0"}
{"configuredServices":{"firebase":false,"monitoring":false,"oauth":{"facebook":true,"instagram":false,"linkedin":true,"twitter":true},"stripe":true},"duration":5,"environment":"production","level":"info","message":"Environment validation successful","service":"highlaunchpad-api","timestamp":"2025-08-06 23:24:19:2419","version":"1.0.0"}
{"environment":"production","level":"info","message":"Starting environment variable validation","service":"highlaunchpad-api","timestamp":"2025-08-06 23:24:19:2419","version":"1.0.0"}
{"environment":"production","level":"warn","message":"Production environment: JWT_SECRET not configured or too short. OAuth state manager will use fallback.","service":"highlaunchpad-api","timestamp":"2025-08-06 23:24:19:2419","version":"1.0.0"}
{"environment":"production","level":"warn","message":"Production environment: SESSION_SECRET not configured or too short.","service":"highlaunchpad-api","timestamp":"2025-08-06 23:24:19:2419","version":"1.0.0"}
{"environment":"production","level":"warn","message":"Production environment without Sentry monitoring configured","service":"highlaunchpad-api","timestamp":"2025-08-06 23:24:19:2419","version":"1.0.0"}
{"configuredServices":{"firebase":false,"monitoring":false,"oauth":{"facebook":true,"instagram":false,"linkedin":true,"twitter":true},"stripe":true},"duration":5,"environment":"production","level":"info","message":"Environment validation successful","service":"highlaunchpad-api","timestamp":"2025-08-06 23:24:19:2419","version":"1.0.0"}
{"component":"firebase","environment":"production","level":"info","message":"Attempting to initialize Firebase Admin","operation":"firebase_admin_init","service":"highlaunchpad-api","timestamp":"2025-08-06 23:24:19:2419","version":"1.0.0"}
{"component":"firebase","environment":"production","level":"info","message":"Attempting to initialize Firebase Admin","operation":"firebase_admin_init","service":"highlaunchpad-api","timestamp":"2025-08-06 23:24:19:2419","version":"1.0.0"}
{"component":"firebase","environment":"production","level":"info","message":"Initializing from credentials file","operation":"firebase_admin_init","path":"/home/mike/Documents/firebase-veilnet-firebase-adminsdk-fbsvc-ab6e5cb14b.json","service":"highlaunchpad-api","source":"credentials_file","timestamp":"2025-08-06 23:24:19:2419","version":"1.0.0"}
{"component":"firebase","environment":"production","level":"info","message":"Initializing from credentials file","operation":"firebase_admin_init","path":"/home/mike/Documents/firebase-veilnet-firebase-adminsdk-fbsvc-ab6e5cb14b.json","service":"highlaunchpad-api","source":"credentials_file","timestamp":"2025-08-06 23:24:19:2419","version":"1.0.0"}
{"component":"firebase","environment":"production","level":"info","message":"Initializing from credentials file","operation":"firebase_admin_init","path":"/home/mike/Documents/firebase-veilnet-firebase-adminsdk-fbsvc-ab6e5cb14b.json","service":"highlaunchpad-api","source":"credentials_file","timestamp":"2025-08-06 23:24:19:2419","version":"1.0.0"}
{"component":"firebase","environment":"production","level":"info","message":"Attempting to initialize Firebase Admin","operation":"firebase_admin_init","service":"highlaunchpad-api","timestamp":"2025-08-06 23:24:19:2419","version":"1.0.0"}
{"component":"firebase","environment":"production","level":"info","message":"Initializing from credentials file","operation":"firebase_admin_init","path":"/home/mike/Documents/firebase-veilnet-firebase-adminsdk-fbsvc-ab6e5cb14b.json","service":"highlaunchpad-api","source":"credentials_file","timestamp":"2025-08-06 23:24:19:2419","version":"1.0.0"}
{"component":"firebase","environment":"production","level":"info","message":"Attempting to initialize Firebase Admin","operation":"firebase_admin_init","service":"highlaunchpad-api","timestamp":"2025-08-06 23:24:19:2419","version":"1.0.0"}
{"component":"firebase","environment":"production","level":"info","message":"Initializing from credentials file","operation":"firebase_admin_init","path":"/home/mike/Documents/firebase-veilnet-firebase-adminsdk-fbsvc-ab6e5cb14b.json","service":"highlaunchpad-api","source":"credentials_file","timestamp":"2025-08-06 23:24:19:2419","version":"1.0.0"}
{"component":"firebase","environment":"production","level":"info","message":"Attempting to initialize Firebase Admin","operation":"firebase_admin_init","service":"highlaunchpad-api","timestamp":"2025-08-06 23:24:19:2419","version":"1.0.0"}
{"component":"firebase","environment":"production","level":"info","message":"Initializing from credentials file","operation":"firebase_admin_init","path":"/home/mike/Documents/firebase-veilnet-firebase-adminsdk-fbsvc-ab6e5cb14b.json","service":"highlaunchpad-api","source":"credentials_file","timestamp":"2025-08-06 23:24:19:2419","version":"1.0.0"}
{"component":"firebase","environment":"production","level":"info","message":"Attempting to initialize Firebase Admin","operation":"firebase_admin_init","service":"highlaunchpad-api","timestamp":"2025-08-06 23:24:19:2419","version":"1.0.0"}
{"component":"firebase","environment":"production","level":"info","message":"Initializing from credentials file","operation":"firebase_admin_init","path":"/home/mike/Documents/firebase-veilnet-firebase-adminsdk-fbsvc-ab6e5cb14b.json","service":"highlaunchpad-api","source":"credentials_file","timestamp":"2025-08-06 23:24:19:2419","version":"1.0.0"}
{"component":"firebase","environment":"production","level":"info","message":"Attempting to initialize Firebase Admin","operation":"firebase_admin_init","service":"highlaunchpad-api","timestamp":"2025-08-06 23:24:19:2419","version":"1.0.0"}
{"component":"firebase","environment":"production","level":"info","message":"Initializing from credentials file","operation":"firebase_admin_init","path":"/home/mike/Documents/firebase-veilnet-firebase-adminsdk-fbsvc-ab6e5cb14b.json","service":"highlaunchpad-api","source":"credentials_file","timestamp":"2025-08-06 23:24:19:2419","version":"1.0.0"}
{"component":"firebase","environment":"production","level":"info","message":"Attempting to initialize Firebase Admin","operation":"firebase_admin_init","service":"highlaunchpad-api","timestamp":"2025-08-06 23:24:19:2419","version":"1.0.0"}
{"component":"firebase","environment":"production","level":"info","message":"Initializing from credentials file","operation":"firebase_admin_init","path":"/home/mike/Documents/firebase-veilnet-firebase-adminsdk-fbsvc-ab6e5cb14b.json","service":"highlaunchpad-api","source":"credentials_file","timestamp":"2025-08-06 23:24:19:2419","version":"1.0.0"}
{"component":"firebase","environment":"production","level":"info","message":"Initializing from credentials file","operation":"firebase_admin_init","path":"/home/mike/Documents/firebase-veilnet-firebase-adminsdk-fbsvc-ab6e5cb14b.json","service":"highlaunchpad-api","source":"credentials_file","timestamp":"2025-08-06 23:24:19:2419","version":"1.0.0"}
{"component":"firebase","environment":"production","level":"info","message":"Attempting to initialize Firebase Admin","operation":"firebase_admin_init","service":"highlaunchpad-api","timestamp":"2025-08-06 23:24:19:2419","version":"1.0.0"}
{"component":"firebase","environment":"production","level":"info","message":"Initializing from credentials file","operation":"firebase_admin_init","path":"/home/mike/Documents/firebase-veilnet-firebase-adminsdk-fbsvc-ab6e5cb14b.json","service":"highlaunchpad-api","source":"credentials_file","timestamp":"2025-08-06 23:24:19:2419","version":"1.0.0"}
{"component":"firebase","environment":"production","level":"info","message":"Attempting to initialize Firebase Admin","operation":"firebase_admin_init","service":"highlaunchpad-api","timestamp":"2025-08-06 23:24:19:2419","version":"1.0.0"}
{"component":"firebase","environment":"production","level":"info","message":"Initializing from credentials file","operation":"firebase_admin_init","path":"/home/mike/Documents/firebase-veilnet-firebase-adminsdk-fbsvc-ab6e5cb14b.json","service":"highlaunchpad-api","source":"credentials_file","timestamp":"2025-08-06 23:24:19:2419","version":"1.0.0"}
{"component":"firebase","environment":"production","level":"info","message":"Attempting to initialize Firebase Admin","operation":"firebase_admin_init","service":"highlaunchpad-api","timestamp":"2025-08-06 23:24:19:2419","version":"1.0.0"}
{"component":"firebase","environment":"production","level":"info","message":"Initializing from credentials file","operation":"firebase_admin_init","path":"/home/mike/Documents/firebase-veilnet-firebase-adminsdk-fbsvc-ab6e5cb14b.json","service":"highlaunchpad-api","source":"credentials_file","timestamp":"2025-08-06 23:24:19:2419","version":"1.0.0"}
{"component":"firebase","environment":"production","level":"info","message":"Attempting to initialize Firebase Admin","operation":"firebase_admin_init","service":"highlaunchpad-api","timestamp":"2025-08-06 23:24:19:2419","version":"1.0.0"}
{"component":"firebase","environment":"production","level":"info","message":"Initializing from credentials file","operation":"firebase_admin_init","path":"/home/mike/Documents/firebase-veilnet-firebase-adminsdk-fbsvc-ab6e5cb14b.json","service":"highlaunchpad-api","source":"credentials_file","timestamp":"2025-08-06 23:24:19:2419","version":"1.0.0"}
{"component":"firebase","environment":"production","level":"info","message":"Attempting to initialize Firebase Admin","operation":"firebase_admin_init","service":"highlaunchpad-api","timestamp":"2025-08-06 23:24:19:2419","version":"1.0.0"}
{"component":"firebase","environment":"production","level":"info","message":"Initializing from credentials file","operation":"firebase_admin_init","path":"/home/mike/Documents/firebase-veilnet-firebase-adminsdk-fbsvc-ab6e5cb14b.json","service":"highlaunchpad-api","source":"credentials_file","timestamp":"2025-08-06 23:24:19:2419","version":"1.0.0"}
{"component":"firebase","environment":"production","level":"info","message":"Attempting to initialize Firebase Admin","operation":"firebase_admin_init","service":"highlaunchpad-api","timestamp":"2025-08-06 23:24:21:2421","version":"1.0.0"}
{"component":"firebase","environment":"production","level":"info","message":"Initializing from credentials file","operation":"firebase_admin_init","path":"/home/mike/Documents/firebase-veilnet-firebase-adminsdk-fbsvc-ab6e5cb14b.json","service":"highlaunchpad-api","source":"credentials_file","timestamp":"2025-08-06 23:24:21:2421","version":"1.0.0"}
{"environment":"production","level":"info","message":"Starting environment variable validation","service":"highlaunchpad-api","timestamp":"2025-08-06 23:24:21:2421","version":"1.0.0"}
{"environment":"production","level":"info","message":"Starting environment variable validation","service":"highlaunchpad-api","timestamp":"2025-08-06 23:24:21:2421","version":"1.0.0"}
{"environment":"production","level":"warn","message":"Production environment: JWT_SECRET not configured or too short. OAuth state manager will use fallback.","service":"highlaunchpad-api","timestamp":"2025-08-06 23:24:21:2421","version":"1.0.0"}
{"environment":"production","level":"warn","message":"Production environment: SESSION_SECRET not configured or too short.","service":"highlaunchpad-api","timestamp":"2025-08-06 23:24:21:2421","version":"1.0.0"}
{"environment":"production","level":"warn","message":"Production environment without Sentry monitoring configured","service":"highlaunchpad-api","timestamp":"2025-08-06 23:24:21:2421","version":"1.0.0"}
{"configuredServices":{"firebase":false,"monitoring":false,"oauth":{"facebook":true,"instagram":false,"linkedin":true,"twitter":true},"stripe":true},"duration":2,"environment":"production","level":"info","message":"Environment validation successful","service":"highlaunchpad-api","timestamp":"2025-08-06 23:24:21:2421","version":"1.0.0"}
{"environment":"production","level":"info","message":"Starting environment variable validation","service":"highlaunchpad-api","timestamp":"2025-08-06 23:24:21:2421","version":"1.0.0"}
{"environment":"production","level":"warn","message":"Production environment: JWT_SECRET not configured or too short. OAuth state manager will use fallback.","service":"highlaunchpad-api","timestamp":"2025-08-06 23:24:21:2421","version":"1.0.0"}
{"environment":"production","level":"warn","message":"Production environment: SESSION_SECRET not configured or too short.","service":"highlaunchpad-api","timestamp":"2025-08-06 23:24:21:2421","version":"1.0.0"}
{"environment":"production","level":"warn","message":"Production environment without Sentry monitoring configured","service":"highlaunchpad-api","timestamp":"2025-08-06 23:24:21:2421","version":"1.0.0"}
{"configuredServices":{"firebase":false,"monitoring":false,"oauth":{"facebook":true,"instagram":false,"linkedin":true,"twitter":true},"stripe":true},"duration":2,"environment":"production","level":"info","message":"Environment validation successful","service":"highlaunchpad-api","timestamp":"2025-08-06 23:24:21:2421","version":"1.0.0"}
{"environment":"production","level":"warn","message":"Production environment: JWT_SECRET not configured or too short. OAuth state manager will use fallback.","service":"highlaunchpad-api","timestamp":"2025-08-06 23:24:21:2421","version":"1.0.0"}
{"environment":"production","level":"warn","message":"Production environment: SESSION_SECRET not configured or too short.","service":"highlaunchpad-api","timestamp":"2025-08-06 23:24:21:2421","version":"1.0.0"}
{"environment":"production","level":"warn","message":"Production environment without Sentry monitoring configured","service":"highlaunchpad-api","timestamp":"2025-08-06 23:24:21:2421","version":"1.0.0"}
{"configuredServices":{"firebase":false,"monitoring":false,"oauth":{"facebook":true,"instagram":false,"linkedin":true,"twitter":true},"stripe":true},"duration":3,"environment":"production","level":"info","message":"Environment validation successful","service":"highlaunchpad-api","timestamp":"2025-08-06 23:24:21:2421","version":"1.0.0"}
{"component":"firebase","environment":"production","level":"info","message":"Attempting to initialize Firebase Admin","operation":"firebase_admin_init","service":"highlaunchpad-api","timestamp":"2025-08-06 23:24:21:2421","version":"1.0.0"}
{"component":"firebase","environment":"production","level":"info","message":"Initializing from credentials file","operation":"firebase_admin_init","path":"/home/mike/Documents/firebase-veilnet-firebase-adminsdk-fbsvc-ab6e5cb14b.json","service":"highlaunchpad-api","source":"credentials_file","timestamp":"2025-08-06 23:24:21:2421","version":"1.0.0"}
{"component":"firebase","environment":"production","level":"info","message":"Attempting to initialize Firebase Admin","operation":"firebase_admin_init","service":"highlaunchpad-api","timestamp":"2025-08-08 00:54:14:5414","version":"1.0.0"}
{"component":"firebase","environment":"production","level":"info","message":"Attempting to initialize Firebase Admin","operation":"firebase_admin_init","service":"highlaunchpad-api","timestamp":"2025-08-08 00:54:14:5414","version":"1.0.0"}
{"component":"firebase","environment":"production","level":"info","message":"Initializing from credentials file","operation":"firebase_admin_init","path":"/home/mike/Documents/firebase-veilnet-firebase-adminsdk-fbsvc-ab6e5cb14b.json","service":"highlaunchpad-api","source":"credentials_file","timestamp":"2025-08-08 00:54:14:5414","version":"1.0.0"}
{"component":"firebase","environment":"production","level":"info","message":"Initializing from credentials file","operation":"firebase_admin_init","path":"/home/mike/Documents/firebase-veilnet-firebase-adminsdk-fbsvc-ab6e5cb14b.json","service":"highlaunchpad-api","source":"credentials_file","timestamp":"2025-08-08 00:54:14:5414","version":"1.0.0"}
{"component":"firebase","environment":"production","level":"info","message":"Attempting to initialize Firebase Admin","operation":"firebase_admin_init","service":"highlaunchpad-api","timestamp":"2025-08-08 00:54:14:5414","version":"1.0.0"}
{"component":"firebase","environment":"production","level":"info","message":"Initializing from credentials file","operation":"firebase_admin_init","path":"/home/mike/Documents/firebase-veilnet-firebase-adminsdk-fbsvc-ab6e5cb14b.json","service":"highlaunchpad-api","source":"credentials_file","timestamp":"2025-08-08 00:54:14:5414","version":"1.0.0"}
{"component":"firebase","environment":"production","level":"info","message":"Attempting to initialize Firebase Admin","operation":"firebase_admin_init","service":"highlaunchpad-api","timestamp":"2025-08-08 00:54:14:5414","version":"1.0.0"}
{"component":"firebase","environment":"production","level":"info","message":"Initializing from credentials file","operation":"firebase_admin_init","path":"/home/mike/Documents/firebase-veilnet-firebase-adminsdk-fbsvc-ab6e5cb14b.json","service":"highlaunchpad-api","source":"credentials_file","timestamp":"2025-08-08 00:54:14:5414","version":"1.0.0"}
{"component":"firebase","environment":"production","level":"info","message":"Attempting to initialize Firebase Admin","operation":"firebase_admin_init","service":"highlaunchpad-api","timestamp":"2025-08-08 00:54:14:5414","version":"1.0.0"}
{"environment":"production","level":"info","message":"Starting environment variable validation","service":"highlaunchpad-api","timestamp":"2025-08-08 00:54:14:5414","version":"1.0.0"}
{"environment":"production","level":"warn","message":"Production environment: JWT_SECRET not configured or too short. OAuth state manager will use fallback.","service":"highlaunchpad-api","timestamp":"2025-08-08 00:54:14:5414","version":"1.0.0"}
{"environment":"production","level":"warn","message":"Production environment: SESSION_SECRET not configured or too short.","service":"highlaunchpad-api","timestamp":"2025-08-08 00:54:14:5414","version":"1.0.0"}
{"environment":"production","level":"warn","message":"Production environment without Sentry monitoring configured","service":"highlaunchpad-api","timestamp":"2025-08-08 00:54:14:5414","version":"1.0.0"}
{"configuredServices":{"firebase":false,"monitoring":false,"oauth":{"facebook":true,"instagram":false,"linkedin":true,"twitter":true},"stripe":true},"duration":3,"environment":"production","level":"info","message":"Environment validation successful","service":"highlaunchpad-api","timestamp":"2025-08-08 00:54:14:5414","version":"1.0.0"}
{"component":"firebase","environment":"production","level":"info","message":"Initializing from credentials file","operation":"firebase_admin_init","path":"/home/mike/Documents/firebase-veilnet-firebase-adminsdk-fbsvc-ab6e5cb14b.json","service":"highlaunchpad-api","source":"credentials_file","timestamp":"2025-08-08 00:54:14:5414","version":"1.0.0"}
{"environment":"production","level":"info","message":"Starting environment variable validation","service":"highlaunchpad-api","timestamp":"2025-08-08 00:54:14:5414","version":"1.0.0"}
{"component":"firebase","environment":"production","level":"info","message":"Attempting to initialize Firebase Admin","operation":"firebase_admin_init","service":"highlaunchpad-api","timestamp":"2025-08-08 00:54:14:5414","version":"1.0.0"}
{"environment":"production","level":"warn","message":"Production environment: JWT_SECRET not configured or too short. OAuth state manager will use fallback.","service":"highlaunchpad-api","timestamp":"2025-08-08 00:54:14:5414","version":"1.0.0"}
{"environment":"production","level":"warn","message":"Production environment: SESSION_SECRET not configured or too short.","service":"highlaunchpad-api","timestamp":"2025-08-08 00:54:14:5414","version":"1.0.0"}
{"environment":"production","level":"warn","message":"Production environment without Sentry monitoring configured","service":"highlaunchpad-api","timestamp":"2025-08-08 00:54:14:5414","version":"1.0.0"}
{"configuredServices":{"firebase":false,"monitoring":false,"oauth":{"facebook":true,"instagram":false,"linkedin":true,"twitter":true},"stripe":true},"duration":5,"environment":"production","level":"info","message":"Environment validation successful","service":"highlaunchpad-api","timestamp":"2025-08-08 00:54:14:5414","version":"1.0.0"}
{"component":"firebase","environment":"production","level":"info","message":"Initializing from credentials file","operation":"firebase_admin_init","path":"/home/mike/Documents/firebase-veilnet-firebase-adminsdk-fbsvc-ab6e5cb14b.json","service":"highlaunchpad-api","source":"credentials_file","timestamp":"2025-08-08 00:54:14:5414","version":"1.0.0"}
{"environment":"production","level":"info","message":"Starting environment variable validation","service":"highlaunchpad-api","timestamp":"2025-08-08 00:54:14:5414","version":"1.0.0"}
{"environment":"production","level":"warn","message":"Production environment: JWT_SECRET not configured or too short. OAuth state manager will use fallback.","service":"highlaunchpad-api","timestamp":"2025-08-08 00:54:14:5414","version":"1.0.0"}
{"environment":"production","level":"warn","message":"Production environment: SESSION_SECRET not configured or too short.","service":"highlaunchpad-api","timestamp":"2025-08-08 00:54:14:5414","version":"1.0.0"}
{"environment":"production","level":"warn","message":"Production environment without Sentry monitoring configured","service":"highlaunchpad-api","timestamp":"2025-08-08 00:54:14:5414","version":"1.0.0"}
{"configuredServices":{"firebase":false,"monitoring":false,"oauth":{"facebook":true,"instagram":false,"linkedin":true,"twitter":true},"stripe":true},"duration":4,"environment":"production","level":"info","message":"Environment validation successful","service":"highlaunchpad-api","timestamp":"2025-08-08 00:54:14:5414","version":"1.0.0"}
{"component":"firebase","environment":"production","level":"info","message":"Attempting to initialize Firebase Admin","operation":"firebase_admin_init","service":"highlaunchpad-api","timestamp":"2025-08-08 00:54:14:5414","version":"1.0.0"}
{"component":"firebase","environment":"production","level":"info","message":"Initializing from credentials file","operation":"firebase_admin_init","path":"/home/mike/Documents/firebase-veilnet-firebase-adminsdk-fbsvc-ab6e5cb14b.json","service":"highlaunchpad-api","source":"credentials_file","timestamp":"2025-08-08 00:54:14:5414","version":"1.0.0"}
{"component":"firebase","environment":"production","level":"info","message":"Attempting to initialize Firebase Admin","operation":"firebase_admin_init","service":"highlaunchpad-api","timestamp":"2025-08-08 00:54:14:5414","version":"1.0.0"}
{"component":"firebase","environment":"production","level":"info","message":"Initializing from credentials file","operation":"firebase_admin_init","path":"/home/mike/Documents/firebase-veilnet-firebase-adminsdk-fbsvc-ab6e5cb14b.json","service":"highlaunchpad-api","source":"credentials_file","timestamp":"2025-08-08 00:54:14:5414","version":"1.0.0"}
{"component":"firebase","environment":"production","level":"info","message":"Attempting to initialize Firebase Admin","operation":"firebase_admin_init","service":"highlaunchpad-api","timestamp":"2025-08-08 00:54:14:5414","version":"1.0.0"}
{"component":"firebase","environment":"production","level":"info","message":"Initializing from credentials file","operation":"firebase_admin_init","path":"/home/mike/Documents/firebase-veilnet-firebase-adminsdk-fbsvc-ab6e5cb14b.json","service":"highlaunchpad-api","source":"credentials_file","timestamp":"2025-08-08 00:54:14:5414","version":"1.0.0"}
{"component":"firebase","environment":"production","level":"info","message":"Attempting to initialize Firebase Admin","operation":"firebase_admin_init","service":"highlaunchpad-api","timestamp":"2025-08-08 00:54:14:5414","version":"1.0.0"}
{"component":"firebase","environment":"production","level":"info","message":"Initializing from credentials file","operation":"firebase_admin_init","path":"/home/mike/Documents/firebase-veilnet-firebase-adminsdk-fbsvc-ab6e5cb14b.json","service":"highlaunchpad-api","source":"credentials_file","timestamp":"2025-08-08 00:54:14:5414","version":"1.0.0"}
{"component":"firebase","environment":"production","level":"info","message":"Attempting to initialize Firebase Admin","operation":"firebase_admin_init","service":"highlaunchpad-api","timestamp":"2025-08-08 00:54:14:5414","version":"1.0.0"}
{"component":"firebase","environment":"production","level":"info","message":"Initializing from credentials file","operation":"firebase_admin_init","path":"/home/mike/Documents/firebase-veilnet-firebase-adminsdk-fbsvc-ab6e5cb14b.json","service":"highlaunchpad-api","source":"credentials_file","timestamp":"2025-08-08 00:54:14:5414","version":"1.0.0"}
{"component":"firebase","environment":"production","level":"info","message":"Attempting to initialize Firebase Admin","operation":"firebase_admin_init","service":"highlaunchpad-api","timestamp":"2025-08-08 00:54:14:5414","version":"1.0.0"}
{"component":"firebase","environment":"production","level":"info","message":"Initializing from credentials file","operation":"firebase_admin_init","path":"/home/mike/Documents/firebase-veilnet-firebase-adminsdk-fbsvc-ab6e5cb14b.json","service":"highlaunchpad-api","source":"credentials_file","timestamp":"2025-08-08 00:54:14:5414","version":"1.0.0"}
{"component":"firebase","environment":"production","level":"info","message":"Attempting to initialize Firebase Admin","operation":"firebase_admin_init","service":"highlaunchpad-api","timestamp":"2025-08-08 00:54:14:5414","version":"1.0.0"}
{"component":"firebase","environment":"production","level":"info","message":"Initializing from credentials file","operation":"firebase_admin_init","path":"/home/mike/Documents/firebase-veilnet-firebase-adminsdk-fbsvc-ab6e5cb14b.json","service":"highlaunchpad-api","source":"credentials_file","timestamp":"2025-08-08 00:54:14:5414","version":"1.0.0"}
{"component":"firebase","environment":"production","level":"info","message":"Attempting to initialize Firebase Admin","operation":"firebase_admin_init","service":"highlaunchpad-api","timestamp":"2025-08-08 00:54:14:5414","version":"1.0.0"}
{"component":"firebase","environment":"production","level":"info","message":"Initializing from credentials file","operation":"firebase_admin_init","path":"/home/mike/Documents/firebase-veilnet-firebase-adminsdk-fbsvc-ab6e5cb14b.json","service":"highlaunchpad-api","source":"credentials_file","timestamp":"2025-08-08 00:54:14:5414","version":"1.0.0"}
{"component":"firebase","environment":"production","level":"info","message":"Attempting to initialize Firebase Admin","operation":"firebase_admin_init","service":"highlaunchpad-api","timestamp":"2025-08-08 00:54:14:5414","version":"1.0.0"}
{"component":"firebase","environment":"production","level":"info","message":"Initializing from credentials file","operation":"firebase_admin_init","path":"/home/mike/Documents/firebase-veilnet-firebase-adminsdk-fbsvc-ab6e5cb14b.json","service":"highlaunchpad-api","source":"credentials_file","timestamp":"2025-08-08 00:54:14:5414","version":"1.0.0"}
{"component":"firebase","environment":"production","level":"info","message":"Attempting to initialize Firebase Admin","operation":"firebase_admin_init","service":"highlaunchpad-api","timestamp":"2025-08-08 00:54:15:5415","version":"1.0.0"}
{"component":"firebase","environment":"production","level":"info","message":"Initializing from credentials file","operation":"firebase_admin_init","path":"/home/mike/Documents/firebase-veilnet-firebase-adminsdk-fbsvc-ab6e5cb14b.json","service":"highlaunchpad-api","source":"credentials_file","timestamp":"2025-08-08 00:54:15:5415","version":"1.0.0"}
{"component":"firebase","environment":"production","level":"info","message":"Attempting to initialize Firebase Admin","operation":"firebase_admin_init","service":"highlaunchpad-api","timestamp":"2025-08-08 00:54:16:5416","version":"1.0.0"}
{"component":"firebase","environment":"production","level":"info","message":"Initializing from credentials file","operation":"firebase_admin_init","path":"/home/mike/Documents/firebase-veilnet-firebase-adminsdk-fbsvc-ab6e5cb14b.json","service":"highlaunchpad-api","source":"credentials_file","timestamp":"2025-08-08 00:54:16:5416","version":"1.0.0"}
{"environment":"production","level":"info","message":"Starting environment variable validation","service":"highlaunchpad-api","timestamp":"2025-08-08 00:54:16:5416","version":"1.0.0"}
{"environment":"production","level":"warn","message":"Production environment: JWT_SECRET not configured or too short. OAuth state manager will use fallback.","service":"highlaunchpad-api","timestamp":"2025-08-08 00:54:16:5416","version":"1.0.0"}
{"environment":"production","level":"warn","message":"Production environment: SESSION_SECRET not configured or too short.","service":"highlaunchpad-api","timestamp":"2025-08-08 00:54:16:5416","version":"1.0.0"}
{"environment":"production","level":"warn","message":"Production environment without Sentry monitoring configured","service":"highlaunchpad-api","timestamp":"2025-08-08 00:54:16:5416","version":"1.0.0"}
{"configuredServices":{"firebase":false,"monitoring":false,"oauth":{"facebook":true,"instagram":false,"linkedin":true,"twitter":true},"stripe":true},"duration":2,"environment":"production","level":"info","message":"Environment validation successful","service":"highlaunchpad-api","timestamp":"2025-08-08 00:54:16:5416","version":"1.0.0"}
{"environment":"production","level":"info","message":"Starting environment variable validation","service":"highlaunchpad-api","timestamp":"2025-08-08 00:54:16:5416","version":"1.0.0"}
{"environment":"production","level":"info","message":"Starting environment variable validation","service":"highlaunchpad-api","timestamp":"2025-08-08 00:54:16:5416","version":"1.0.0"}
{"environment":"production","level":"warn","message":"Production environment: JWT_SECRET not configured or too short. OAuth state manager will use fallback.","service":"highlaunchpad-api","timestamp":"2025-08-08 00:54:16:5416","version":"1.0.0"}
{"environment":"production","level":"warn","message":"Production environment: SESSION_SECRET not configured or too short.","service":"highlaunchpad-api","timestamp":"2025-08-08 00:54:16:5416","version":"1.0.0"}
{"environment":"production","level":"warn","message":"Production environment without Sentry monitoring configured","service":"highlaunchpad-api","timestamp":"2025-08-08 00:54:16:5416","version":"1.0.0"}
{"configuredServices":{"firebase":false,"monitoring":false,"oauth":{"facebook":true,"instagram":false,"linkedin":true,"twitter":true},"stripe":true},"duration":2,"environment":"production","level":"info","message":"Environment validation successful","service":"highlaunchpad-api","timestamp":"2025-08-08 00:54:16:5416","version":"1.0.0"}
{"environment":"production","level":"warn","message":"Production environment: JWT_SECRET not configured or too short. OAuth state manager will use fallback.","service":"highlaunchpad-api","timestamp":"2025-08-08 00:54:16:5416","version":"1.0.0"}
{"environment":"production","level":"warn","message":"Production environment: SESSION_SECRET not configured or too short.","service":"highlaunchpad-api","timestamp":"2025-08-08 00:54:16:5416","version":"1.0.0"}
{"environment":"production","level":"warn","message":"Production environment without Sentry monitoring configured","service":"highlaunchpad-api","timestamp":"2025-08-08 00:54:16:5416","version":"1.0.0"}
{"configuredServices":{"firebase":false,"monitoring":false,"oauth":{"facebook":true,"instagram":false,"linkedin":true,"twitter":true},"stripe":true},"duration":3,"environment":"production","level":"info","message":"Environment validation successful","service":"highlaunchpad-api","timestamp":"2025-08-08 00:54:16:5416","version":"1.0.0"}
{"component":"firebase","environment":"production","level":"info","message":"Attempting to initialize Firebase Admin","operation":"firebase_admin_init","service":"highlaunchpad-api","timestamp":"2025-08-08 00:54:16:5416","version":"1.0.0"}
{"component":"firebase","environment":"production","level":"info","message":"Initializing from credentials file","operation":"firebase_admin_init","path":"/home/mike/Documents/firebase-veilnet-firebase-adminsdk-fbsvc-ab6e5cb14b.json","service":"highlaunchpad-api","source":"credentials_file","timestamp":"2025-08-08 00:54:16:5416","version":"1.0.0"}
{"component":"firebase","environment":"production","level":"info","message":"Attempting to initialize Firebase Admin","operation":"firebase_admin_init","service":"highlaunchpad-api","timestamp":"2025-08-08 00:54:16:5416","version":"1.0.0"}
{"component":"firebase","environment":"production","level":"info","message":"Initializing from credentials file","operation":"firebase_admin_init","path":"/home/mike/Documents/firebase-veilnet-firebase-adminsdk-fbsvc-ab6e5cb14b.json","service":"highlaunchpad-api","source":"credentials_file","timestamp":"2025-08-08 00:54:16:5416","version":"1.0.0"}
